魹ｽ魹ｽ魹ｽ,魹ｽ魹ｽ魹ｽ魹ｽ魹ｽ魹ｽ魹ｽ,ﾒｵ魹ｽ魹ｽﾋｵ魹ｽ魹ｽ魹ｽ魹ｽ魹ｽ魹ｽﾒｪ魹ｽ魹ｽ,魹ｽ魹ｽﾏｸ魹ｽ魹ｽ魹ｽ魹ｽ魹ｽ魹ｽﾎｧ
1,魹ｽﾃｻ魹ｽﾗ｢魹ｽ魹ｽ魹ｽ魹ｽ魹ｽ,魹ｽﾍｻ魹ｽﾗ｢魹ｽ癸｢魹ｽ魹ｽ魹ｽﾝｻ魹ｽ魹ｽ魹ｽ魹ｽ魹ｽﾏ｢魹ｽ魹ｽ魹ｽ魹ｽﾂｼ魹ｽ魹ｽﾖ､,"1魹ｽ魹ｽﾖｧ魹ｽﾖｸ魹ｽ魹ｽﾋｿﾍｻ魹ｽﾗ｢魹ｽ癸｢魹ｽﾔｹ魹ｽ魹ｽﾍｻ魹ｽﾗ｢魹ｽ皀ｬ魹ｽﾔｼ魹ｽ魹ｽ魹ｽ魹ｽ魹ｽ魹ｽ魹ｽﾆｽﾌｨ魹ｽﾔｽﾓｽﾓｿ魹ｽﾗ｢魹ｽ皀ｨ魹ｽ魹ｽﾎ｢魹ｽﾅ｡魹ｽ魹ｽ魹ｽ魹ｽ魹ｽ/魹ｽ魹ｽ魹ｽ魹ｽﾆｽﾌｨ魹ｽﾋｺﾅｰ朅ｨ｣魹ｽ
2魹ｽ魹ｽﾖｧ魹ｽ魹ｽﾗ｢魹ｽ魹ｽ魹ｽ魹ｽ魹ｽ魹ｽﾐｲﾉｼ魹ｽ魹ｽﾍｻ魹ｽ魹ｽ魹ｽ魹ｽ魹ｽ魹ｽ魹ｽﾏ｢魹ｽ魹ｽ魹ｽ魹ｽﾏｵ魹ｽ魹ｽﾊｽ魹ｽ魹ｽﾖ､魹ｽ魹ｽ魹ｽ魹ｽﾏ｢魹ｽﾈ｣魹ｽ魹ｽ魹ｽ魹ｽ魹ｽﾍｻ魹ｽ魹ｽ魹ｽ魹ｽ魹ｽ魹ｽ魹ｽ魹ｽ魹ｽ魹ｽ魹ｽ魹ｽﾊｱ魹ｽﾍｻ魹ｽ/魹ｽ魹ｽﾊｽ魹ｽﾍｻ魹ｽ魹ｽ魹ｽ魹ｽ魹ｽ魹ｽ魹ｽﾍｨ
3魹ｽ魹ｽﾖｧ魹ｽ魹ｽ魹ｽﾋｺﾅｵ魹ｽﾂｼ魹ｽ魹ｽ魹ｽ魹ｽ魹ｽ魹ｽﾐ｣魹ｽ鬘｢ﾍｼ魹ｽ魹ｽ魹ｽ魹ｽﾖ､魹ｽ槩｢魹ｽ魹ｽ魹ｽ魹ｽ魹ｽ魹ｽﾖ､魹ｽ槩｢魹ｽ魹ｽ魹ｽ魹ｽﾊｶ魹ｽ魹ｽﾈｶ魹ｽ魹ｽﾖｵ魹ｽﾂｼ魹ｽ魹ｽﾖ､魹ｽ魹ｽﾊｽ
4魹ｽ魹ｽﾖｧ魹ｽ魹ｽ魹ｽ箚ｿﾒｵ魹ｽ魹ｽ/魹ｽ魹ｽ魹ｽ魹ｽﾆｽﾌｨ魹ｽ魹ｽ魹ｽﾍｿﾍｻ魹ｽ魹ｽ魹ｽﾏ｢ﾊｱ魹ｽ魹ｽ魹ｽ魹ｽ魹ｽ魹ｽ魹ｽ魹ｽ魹ｽ魹ｽ魹ｽﾔｶ魹ｽﾎｪ魹ｽﾍｻ魹ｽ魹ｽ魹ｽ魹ｽ魹ｽ魹ｽﾋｺﾅｲ魹ｽ魹ｽ朅ｨ｣魹ｽ魹ｽﾔｶ魹ｽﾗ｢魹ｽ皀ｩ魹ｽ魹ｽ魹ｽ魹ｽ魹ｽ魹ｽﾚｿﾍｻ魹ｽ魹ｽ魹ｽ魹ｽ魹ｽ魹ｽ魹ｽ魹ｽ魹ｽﾐｽ魹ｽ魹ｽ魹ｽ魹ｽ魹ｽ魹ｽ魹ｽ魹ｽﾍｻ魹ｽ魹ｽﾗｴﾎｵ魹ｽﾂｼ魹ｽ魹ｽ魹ｽ魹ｽ魹ｽﾒｵ魹ｽ魹ｽﾊｱ魹ｽ魹ｽ魹ｽ魹ｽ魹ｽ魹ｽﾋｺﾅｰ魹ｽ"
2,魹ｽﾍｻ魹ｽ魹ｽ魹ｽﾈｨﾗｼ魹ｽ魹ｽ魹ｽ魹ｽ魹ｽ,魹ｽﾍｻ魹ｽ魹ｽ魹ｽﾈｨﾐｭ魹ｽ魹ｽﾇｩ魹ｽ魹ｽ魹ｽ魹ｽ魹ｽ魹ｽﾈｨﾗｼ魹ｽ魹ｽﾐ｣魹ｽ魹ｽ,"1魹ｽ魹ｽ魹ｽ魹ｽ魹ｽ魹ｽﾈｨﾗｼ魹ｽ魹ｽﾗｶ魹ｽ魹ｽ魹ｽ魹ｽ魹ｽ魹ｽﾍｻ魹ｽ魹ｽﾄｶ魹ｽ魹ｽ魹ｽﾈｨﾐｭ魹ｽ鬟ｨ魹ｽ魹ｽ魹ｽﾅ｡魹ｽ魹ｽ魹ｽ魹ｽ魹ｽ魹ｽ魹ｽ魹ｽ魹ｽ魹ｽﾉｵﾈ｣魹ｽ魹ｽ魹ｽ魹ｽ魹ｽﾍｨ魹ｽ魹ｽﾇｩﾔｼ魹ｽ魹ｽ魹ｽ魹ｽ魹ｽ魹ｽ魹ｽ魹ｽﾈｨﾐｭ魹ｽ魹ｽ魹ｽ魹ｽ魹ｽﾇｩ魹ｽ魹ｽ
2魹ｽ魹ｽ魹ｽ魹ｽ魹ｽ魹ｽﾆｷ + ﾒｵ魹ｽ魹ｽﾗｶﾎ｣魹ｽ魹ｽ魹ｽ魹ｽ魹ｽﾈｨ魹ｽ魹ｽ魹ｽﾃｹ魹ｽ魹ｽ魹ｽ魹ｽ魹ｽ魹ｽ魹ｽ魹ｽﾈ｡魹ｽ魹ｽﾒｪ魹ｽ魹ｽ魹ｽ魹ｽﾈｨ魹ｽﾄｼ魹ｽ魹ｽ魹ｽ魹ｽ魹ｽ魹ｽ魹ｽ魹ｽ魹ｽ魹ｽ魹ｽ魹ｽ魹ｽ魹ｽ魹ｽ魹ｽ魹ｽ魹ｽ魹ｽ魹ｽ魹ｽ箚ｿ魹ｽ魹ｽ魹ｽﾝｲ魹ｽﾑｯ魹ｽ魹ｽ魹ｽ魹ｽﾘｹ魹ｽ魹ｽ魹ｽﾖｴ魹ｽ魹ｽ
3魹ｽ魹ｽﾖｧ魹ｽﾅｶ魹ｽ魹ｽ魹ｽ魹ｽ魹ｽﾈｨ魹ｽﾗｶ魹ｽ""魹ｽ魹ｽ魹ｽ魹ｽ魹ｽ魹ｽﾈｨ魹ｽ魹ｽ魹ｽ魹ｽ魹ｽ槵ｩ魹ｽ魹ｽ""魹ｽ魹ｽ魹ｽ魹ｽ魹ｽ魹ｽﾇｶ魹ｽ魹ｽﾈｨ""魹ｽ魹ｽ魹ｽ魹ｽﾄ｣ﾊｽ魹ｽ魹ｽ魹ｽ魹ｽﾈｨ魹ｽ魹ｽ魹ｽ魹ｽ魹ｽﾐｴ魹ｽ魹ｽ魹ｽ魹ｽ魹ｽ魹ｽ魹ｽ魹ｽ魹ｽ魹ｽ
4魹ｽ魹ｽﾖｧ魹ｽﾖｶ魹ｽ魹ｽ魹ｽ魹ｽﾈｨ魹ｽ魹ｽ魹ｽ魹ｽﾈｨ魹ｽ魹ｽﾐｧ魹ｽﾚｹ魹ｽ魹ｽ魹ｽ魹ｽ魹ｽ魹ｽ魹ｽ魹ｽ魹ｽ魹ｽ魹ｽ魹ｽ魹ｽ魹ｽ箚ｿ魹ｽ魹ｽ魹ｽﾝｹ魹ｽ魹ｽ魹ｽ魹ｽ魹ｽ魹ｽﾐｭﾍｬ魹ｽ魹ｽﾂｼ魹ｽ魹ｽﾈｨ魹ｽ魹ｽ魹ｽ魹ｽ"""
,,,
3,ﾔ､魹ｽ魹ｽ魹ｽ魹ｽ魹ｽ魹ｽ魹ｽ,魹ｽﾍｻ魹ｽ/魹ｽ魹ｽﾆｷﾔ､魹ｽ魹ｽ魹ｽﾅｶ魹ｽﾈｹ魹ｽ魹ｽ魹ｽ,"1魹ｽ魹ｽﾖｧ魹ｽﾖｲ魹ｽﾆｷﾎｬ魹ｽ魹ｽﾔ､魹ｽ魹ｽ魹ｽ魹ｽ""魹ｽ魹ｽ魹ｽ魹ｽﾓｪ魹ｽ魹ｽ魹ｽ魹ｽ魹ｽ魹ｽ魹ｽ魹ｽ魹ｽ魹ｽ魹ｽ魹ｽ魹ｽ魹ｽ魹ｽ魹ｽ魹ｽ魹ｽﾎｪ魹ｽ魹ｽ魹ｽ魹ｽ魹ｽ魹ｽ魹ｽ魹ｽ魹ｽﾍｻ魹ｽﾔ､魹ｽ魹ｽ魹ｽ魹ｽ魹ｽ魹ｽ魹ｽﾆｷ魹ｽ魹ｽﾈ｣魹ｽ魹ｽ魹ｽ魹ｽ魹ｽ魹ｽ魹ｽ魹ｽ魹ｽ魹ｽ魹ｽ魹ｽ魹ｽﾓｪ魹ｽ魹ｽ魹ｽ魹ｽ魹ｽ魹ｽ魹ｽ魹ｽ魹ｽ魹ｽ魹ｽ魹ｽ魹ｽ/魹ｽ魹ｽ魹ｽ魹ｽ魹ｽ魹ｽ魹ｽ魹ｽ魹ｽ魹ｽ魹ｽ魹ｽ魹ｽ
2魹ｽ魹ｽﾖｧ魹ｽ魹ｽ""魹ｽﾍｻ魹ｽﾎｬ魹ｽ魹ｽﾔ､魹ｽ魹ｽ魹ｽ魹ｽ""魹ｽ魹ｽ魹ｽﾍｻ魹ｽ魹ｽ魹ｽ魹ｽ魹ｽ魹ｽ魹ｽ魹ｽ魹ｽﾔ､魹ｽ魹ｽ魹ｽ魹ｽ魹ｽ魹ｽ魹ｽ槵ｬﾍｨ魹ｽ魹ｽ魹ｽ魹ｽ魹ｽ魹ｽ魹ｽ魹ｽ魹ｽ魹ｽ + 魹ｽ魹ｽ魹ｽ + 魹ｽ魹ｽ魹ｽ魹ｽ/魹ｽ魹ｽﾈｹ魹ｽ魹ｽ魹ｽ魹ｽ魹ｽﾉｶ魹ｽﾈｲ魹ｽ魹ｽ魹ｽ魹ｽ魹ｽ魹ｽ魹ｽ魹ｽﾅｽ魹ｽ魹ｽ魹ｽ
3魹ｽ魹ｽﾖｧ魹ｽﾖｰ魹ｽ魹ｽ魹ｽﾆｷ + 魹ｽﾍｻ魹ｽﾎｬ魹ｽ魹ｽ魹ｽ魹ｽ魹ｽ魹ｽﾔ､魹ｽ魹ｽ魹ｽﾅｹ魹ｽ魹ｽ魹ｽ魹ｽ魹ｽ魹ｽ魹ｽ魹ｽ魹ｽﾃｶ魹ｽﾈｼ魹ｽ魹ｽ魹ｽ魹ｽﾟｼ魹ｽ魹ｽ魹ｽ魹ｽ魹ｽ魹ｽ魹ｽ魹ｽ魹ｽ魹ｽ魹ｽ魹ｽ魹ｽ魹ｽ魹ｽ魹ｽ魹ｽ魹ｽ魹ｽ箚ｿ魹ｽ魹ｽ魹ｽﾝｹ魹ｽ魹ｽ魹ｽ魹ｽ魹ｽ魹ｽﾐｭﾍｬ
4魹ｽ魹ｽﾔ､魹ｽ魹ｽ魹ｽﾅｽ魹ｽ魹ｽ魹ｽﾚｶ魹ｽﾈｹ魹ｽ魹ｽ魹ｽ魹ｽ魹ｽ魹ｽ魹ｽﾐｳ魹ｽ魹ｽ魹ｽ魹ｽ魹ｽ魹ｽ魹ｽ魹ｽ魹ｽﾎｪ魹ｽ魹ｽ魹ｽ魹ｽ魹ｽ魹ｽ魹ｽ魹ｽ/魹ｽ魹ｽ魹ｽ魹ｽ魹ｽ魹ｽ魹ｽ魹ｽﾄｶ魹ｽ魹ｽ魹ｽ魹ｽﾔｴ魹ｽ魹ｽ魹ｽ魹ｽ魹ｽ魹ｽﾔｼ魹ｽ魹ｽ"""
4,魹ｽ魹ｽ魹ｽ魹ｽ魹ｽ魹ｽ魹ｽ魹ｽ魹ｽ魹ｽ魹ｽ,魹ｽﾍｻ魹ｽ魹ｽ魹ｽ魹ｽ魹ｽ魹ｽ魹ｽ魹ｽﾋｷ魹ｽ魹ｽ魹ｽ魹ｽ魹ｽ魹ｽ魹ｽ魹ｽ魹ｽ魹ｽ魹ｽ,"1魹ｽ魹ｽ魹ｽ魹ｽ魹ｽ魹ｽ魹ｽﾍｻ魹ｽﾑ｡魹ｽ魹ｽ魹ｽﾆｷ魹ｽ魹ｽﾂｼ魹ｽ魹ｽ魹ｽ魹ｽ魹ｽ魹ｽ魹ｽ魹ｽ魹ｽ魹ｽ魹ｽ魹ｽﾏ｢魹ｽ魹ｽ魹ｽ魹ｽ魹ｽﾅｽ魹ｽ詇｢魹ｽ魹ｽ魹ｽﾞ｡魹ｽ魹ｽ魹ｽﾍｾ魹ｽ魹ｽ魹ｽ魹ｽ魹ｽ魹ｽ魹ｽ魹ｽﾊｽ魹ｽﾈ｣魹ｽ魹ｽ魹ｽ魹ｽ魹ｽ魹ｽﾏｴ魹ｽ魹ｽ魹ｽﾘｲ魹ｽ魹ｽ魹ｽ
2魹ｽ魹ｽ魹ｽ魹ｽﾍｻ魹ｽ魹ｽ魹ｽﾈｨﾗｼ魹ｽ魹ｽ魹ｽ魹ｽ魹ｽ魹ｽ魹ｽ魹ｽﾉ｣魹ｽﾖｧ魹ｽ魹ｽ魹ｽ魹ｽ魹ｽ魹ｽ魹ｽ魹ｽ魹ｽ魹ｽ魹ｽ魹ｽﾇｰ魹ｽ魹ｽ魹ｽ魹ｽ魹ｽ魹ｽ魹ｽ魹ｽ魹ｽ魹ｽ魹ｽ魹ｽ魹ｽ魹ｽ魹ｽ魹ｽﾈｨﾗｼ魹ｽ魹ｽ魹ｽ魹ｽ魹ｽ魹ｽﾈｨﾐｭ魹ｽ魹ｽﾇｩ魹ｽ魹ｽ
3魹ｽ魹ｽ魹ｽ魹ｽ魹ｽ魹ｽ魹ｽ魹ｽ魹ｽ魹ｽ魹ｽ魹ｽ魹ｽﾗｰﾎｪ魹ｽ魹ｽ魹ｽ魹ｽ魹ｽ魹ｽ魹ｽ魹ｽ魹ｽﾅｽ魹ｽ魹ｽ魹ｽ魹ｽ魹ｽ魹ｽ魹ｽﾍｨ魹ｽ魹ｽ魹ｽ魹ｽ魹ｽ魹ｽ魹ｽ魹ｽ魹ｽ魹ｽ魹ｽ魹ｽ魹ｽ魹ｽ魹ｽ魹ｽ魹ｽ魹ｽ魹ｽ魹ｽ魹ｽ魹ｽﾘ｡魹ｽﾂｷ魹ｽﾉ｣魹ｽﾖｱﾍｨ/ﾗｪ魹ｽﾋｹ魹ｽ魹ｽ魹ｽ魹ｽ魹ｽ魹ｽ魹ｽ魹ｽ魹ｽﾒｻ魹ｽ魹ｽ魹ｽ魹ｽ魹ｽ魹ｽ魹ｽ魹ｽ魹ｽ魹ｽ
4魹ｽ魹ｽﾖｧ魹ｽﾖｲ魹ｽﾍｬ魹ｽ魹ｽ魹ｽﾅｲ魹ｽﾆｷ魹ｽ魹ｽ魹ｽﾃｲ魹ｽﾍｬ魹ｽ魹ｽ魹ｽ魹ｽ魹ｽ魹ｽﾒｳ魹ｽ魹ｽ魹ｽﾖｶﾎｼ魹ｽ魹ｽ魹ｽﾐ｣魹ｽ魹ｽ魹ｽ魹ｽ魹ｽﾍｨ魹ｽ魹ｽ魹ｽ魹ｽﾆｷ魹ｽ魹ｽ魹ｽ魹ｽ魹ｽ魹ｽ魹ｽ/ﾏｵﾍｳ魹ｽ魹ｽ魹ｽ魹ｽ魹ｽ魹ｽ魹ｽ魹ｽ魹ｽ魹ｽ魹ｽ魹ｽ魹ｽ"
5,魹ｽ魹ｽ魹ｽ魹ｽ魹ｽ魹ｽ魹ｽ魹ｽ魹ｽ魹ｽ魹ｽ,魹ｽﾍｻ魹ｽ魹ｽ魹ｽ魹ｽ魹ｽ魹ｽ魹ｽ魹ｽﾋｷ魹ｽ魹ｽ魹ｽ魹ｽ魹ｽ魹ｽ/魹ｽ魹ｽ魹ｽ魹ｽ魹ｽ魹ｽ魹ｽ魹ｽ,"1魹ｽ魹ｽ魹ｽ魹ｽ魹ｽ魹ｽ魹ｽ魹ｽ魹ｽ魹ｽ魹ｽﾅｶ魹ｽﾈｻ魹ｽﾔ､魹ｽ魹ｽ魹ｽﾅｶ魹ｽﾈｻ魹ｽ魹ｽ魹ｽ魹ｽﾏ｣魹ｽ魹ｽﾉｼ魹ｽ魹ｽ魹ｽ魹ｽ魹ｽ魹ｽ魹ｽ魹ｽ魹ｽ/魹ｽ魹ｽ魹ｽ魹ｽ魹ｽ魹ｽ魹ｽ魹ｽ魹ｽ魹ｽﾏ｢魹ｽ魹ｽ魹ｽ魹ｽ詇｢魹ｽ魹ｽ魹ｽﾞ｡魹ｽ魹ｽ魹ｽﾍｾ魹ｽ魹ｽ魹ｽﾅｿ賡ｽﾊｽ魹ｽﾈ｣魹ｽ
2魹ｽ魹ｽﾖｧ魹ｽﾖｶﾔｹ魹ｽ魹ｽ魹ｽﾆｷ魹ｽ魹ｽ魹ｽ魹ｽ魹ｽﾂｵﾄｶ魹ｽ魹ｽﾖｴ魹ｽ魹ｽ魹ｽ魹ｽ魹ｽﾍｾ魹ｽ魹ｽ魹ｽ魹ｽ魹ｽ魹ｽﾖｧ魹ｽ魹ｽﾒｪ魹ｽ魹ｽ魹ｽ魹ｽ魹ｽﾏ｢魹ｽﾉｼ魹ｽ
3魹ｽ魹ｽ魹ｽ魹ｽ魹ｽ魹ｽ魹ｽ魹ｽ魹ｽ魹ｽ魹ｽ魹ｽ魹ｽﾗｰﾎｪ魹ｽ魹ｽ魹ｽﾅｽ魹ｽ魹ｽ魹ｽ魹ｽ魹ｽ魹ｽ魹ｽ魹ｽﾉｽ魹ｽ魹ｽ魹ｽ魹ｽ魹ｽ魹ｽ魹ｽ魹ｽ魹ｽ魹ｽﾍｳﾒｻ魹ｽ魹ｽ魹ｽﾕｲ魹ｽ魹ｽ魹ｽ魹ｽ魹ｽ魹ｽ魹ｽ魹ｽ魹ｽ魹ｽ魹ｽ魹ｽ魹ｽ魹ｽ魹ｽ魹ｽﾌ｣魹ｽﾖｱﾍｨﾇｩﾔｼ魹ｽ魹ｽﾗｪ魹ｽﾋｹ魹ｽ魹ｽ魹ｽ魹ｽ魹ｽ魹ｽ魹ｽ魹ｽﾈ｣魹ｽ
4魹ｽ魹ｽﾖｧ魹ｽ魹ｽ魹ｽ魹ｽ魹ｽﾈｹ魹ｽ魹ｽ魹ｽ魹ｽ魹ｽ魹ｽ魹ｽ魹ｽ魹ｽ魹ｽ魹ｽ魹ｽﾐ｣魹ｽ魍ｾ魹ｽﾎｴ魹ｽ魹ｽ魹ｽ魹ｽﾇｷ魹ｽ魹ｽﾚｿ魹ｽ魹ｽﾃｶ魹ｽ魹ｽ魹ｽﾚ｣魹ｽ魹ｽ魹ｽ魹ｽ魹ｽﾕｹ魹ｽ魹ｽﾍｬ魹ｽ魹ｽﾆｷ魹ｽﾄｶ魹ｽ魹ｽﾕｼ魹ｽﾃｲ魹ｽ魹ｽ魹ｽ"
6,魹ｽ魹ｽ魹ｽ魹ｽ魹ｽ魹ｽ,魹ｽ魹ｽ魹ｽ魹ｽ魹ｽ魹ｽ魹ｽ魹ｽ魹ｽ魹ｽ魹ｽ魹ｽ魹ｽ魹ｽ魹ｽ魹ｽ魹ｽ魹ｽ魹ｽ魹ｽﾇｰ魹ｽ魹ｽ,"1魹ｽ魹ｽﾖｧ魹ｽﾖｿﾍｻ魹ｽ魹ｽ魹ｽ魹ｽ魹ｽ魹ｽ魹ｽ魹ｽﾋｷ魹ｽ魹ｽ魹ｽ魹ｽ魹ｽ魹ｽ魹ｽ魹ｽ魹ｽ魹ｽ魹ｽ魹ｽ槵ｬ魹ｽﾉｼ魹ｽ魹ｽ魹ｽ魹ｽ魹ｽﾔｭ魹ｽ魹ｽ魹ｽ魹ｽ魹ｽ魹ｽ魹ｽ魹ｽ魹ｽﾏｵ魹ｽ魹ｽ魹ｽﾏ｢
2魹ｽ魹ｽﾍｨ魹ｽ魹ｽ魹ｽ魹ｽ魹ｽ魹ｽ魹ｽ魹ｽ魹ｽ魹ｽ魹ｽ魹ｽ魹ｽ魹ｽ魹ｽ魹ｽ魹ｽ魹ｽ魹ｽ魹ｽ魹ｽ魹ｽ魹ｽ""魹ｽ魹ｽ魹ｽ魹ｽ魹ｽﾉｷ魹ｽ魹ｽ魹ｽ魹ｽ魹ｽ魹ｽ魹ｽ魹ｽ魹ｽﾈｹ魹ｽ魹ｽ魹ｽ魹ｽ魹ｽ魹ｽ魹ｽ魹ｽ魹ｽﾐｶ魹ｽ魹ｽ魹ｽ魹ｽ魹ｽ魹ｽ魹ｽ魹ｽ魹ｽ魹ｽ魹ｽ魹ｽ魹ｽ魹ｽ魹ｽ
3魹ｽ魹ｽ魹ｽ魹ｽ魹ｽ欄､魹ｽ魹ｽ魹ｽ魹ｽ/魹ｽ魹ｽ魹ｽ魹ｽ魹ｽ魹ｽ魹ｽ魹ｽ魹ｽ魹ｽ魹ｽ魹ｽﾉ｣魹ｽ魹ｽﾔｸﾟｷ魹ｽ魹ｽﾕｻ魹ｽﾟｶ魹ｽ魹ｽ魹ｽ魹ｽ魹ｽ魹ｽ魹ｽ魹ｽ魹ｽ魹ｽ魹ｽ魹ｽﾋｹ魹ｽ魹ｽ魹ｽ魹ｽ魹ｽ
4魹ｽ魹ｽﾖｧ魹ｽ魹ｽ魹ｽ魹ｽ魹ｽﾈｹ魹ｽ魹ｽ魹ｽ魹ｽ魹ｽ魹ｽ魹ｽ魹ｽ魹ｽ魹ｽ魹ｽ魹ｽ魹ｽ魹ｽ魹ｽ魹ｽﾍｨ魹ｽ魹ｽ魹ｽ魹ｽ魹ｽ魹ｽﾂｶ魹ｽ魹ｽ魹ｽ魹ｽ魹ｽﾞ｡魹ｽ魹ｽ魹ｽ魹ｽﾃｶ魹ｽﾈ｣魹ｽ魹ｽ魹ｽ魹ｽ魹ｽ魹ｽ魹ｽ魹ｽﾍｬ魹ｽ魹ｽ魹ｽ魹ｽ魹ｽ魹ｽ魹ｽ魹ｽ魹ｽ魹ｽ"""
7,魹ｽﾉｶ魹ｽ魹ｽ魹ｽ魹ｽ魹ｽ魹ｽ魹ｽ魹ｽ魹ｽ,魹ｽﾔｹ魹ｽ魹ｽ魹ｽﾆｷ魹ｽﾉｶ魹ｽ魹ｽ魹ｽﾈｨ魹ｽ魹ｽ魹ｽ魹ｽ魹ｽ魹ｽ魹ｽﾏｰ魹ｽ魹ｽ魹ｽ,"1魹ｽ魹ｽﾖｧ魹ｽ魹ｽ魹ｽ魹ｽﾒｵ魹ｽ魹ｽ魹ｽ魹ｽ魹ｽ魹ｽ魹ｽﾋｷ魹ｽ魹ｽ魹ｽﾉｶ魹ｽ魹ｽ魹ｽ魹ｽ魹ｽﾈｨ魹ｽ魹ｽ魹ｽ魹ｽ魹ｽ魹ｽ魹ｽ槵ｬ魹ｽ魹ｽ魹ｽﾃｹﾉｶ魹ｽ魹ｽ魹ｽ魹ｽ魹ｽ魹ｽ魹ｽ魹ｽ魹ｽ魹ｽ魹ｽ魹ｽ魹ｽﾊｽ魹ｽ魹ｽ魹ｽ魹ｽﾈｨ魹ｽ魹ｽ魹ｽ魹ｽ魹ｽ
2魹ｽ魹ｽ魹ｽ魹ｽ魹ｽﾉｹﾉｶ魹ｽ魹ｽ魹ｽ魹ｽ魹ｽ魹ｽﾇｩﾔｼ魹ｽ魹ｽ魹ｽ魹ｽ魹ｽ魹ｽﾇｩﾔｼ魹ｽ魹ｽ魹ｽﾍｨ魹ｽ魹ｽ魹ｽ魹ｽ魹ｽ魹ｽ魹ｽ魹ｽ魹ｽﾓｻ魹ｽ PAD 魹ｽﾖｳ魹ｽﾇｩﾔｼ魹ｽ魹ｽﾊｽ魹ｽﾂｷ魹ｽ魹ｽ魹ｽ魹ｽ魹ｽ魹ｽﾉｶ魹ｽ
3魹ｽ魹ｽ魹ｽ魹ｽ魹ｽﾍｬ魹ｽ魹ｽﾐｭ魹ｽ鬟ｩﾄ｣魹ｽ魹ｽ魹ｽ魹ｽ魹ｽ魹ｽ魹ｽ魹ｽ魹ｽ魹ｽ魹ｽ魹ｽﾍｬ魹ｽ魹ｽ魹ｽ魹ｽ魹ｽ魹ｽ魹ｽﾐｭﾍｬ魹ｽ魹ｽ魹ｽ魹ｽ魹ｽﾉｶ魹ｽ魹ｽ魹ｽ魹ｽ魹ｽ魹ｽ魹ｽ魹ｽﾎｪﾒｻ魹ｽ魹ｽ魹ｽ魹ｽﾈｨ魹ｽ魹ｽ魹ｽ魹ｽ""ﾐｭ魹ｽ魹ｽ魴ｵ
4魹ｽ魹ｽﾖｧ魹ｽ魹ｽ魹ｽ魹ｽ魹ｽ魹ｽ魹ｽ魹ｽ魹ｽ魹ｽ魹ｽ箚ｿ魹ｽ魹ｽ魹ｽﾝｹ魹ｽ魹ｽ魹ｽ魹ｽ魹ｽ魹ｽ魹ｽ魹ｽ魹ｽﾉ｣魹ｽ魹ｽﾔｹ魹ｽ魹ｽ魹ｽ/ﾋｾ魹ｽ魹ｽ魹ｽ魹ｽﾏ｢魹ｽ魹ｽ魹ｽﾐｽ魹ｽ魹ｽ魹ｽ魹ｽ魹ｽﾖ､"""
8,ﾇｩﾔｼ魹ｽ魹ｽ魹ｽ,魹ｽ魹ｽﾈｨﾐｭ魹ｽ魹ｽ魹ｽ魹ｽ魹ｽﾍｬﾇｩ魹ｽ𡵢ｫｹ魹ｽ魹ｽ魹ｽ魹ｽ魹ｽ魹ｽ魹ｽ魹ｽ魹ｽ魹ｽ魹ｽ魹ｽ魹ｽ魹ｽ + 魹ｽ魹ｽ魹ｽ魹ｽ魹ｽ PAD魹ｽ魹ｽ,"1魹ｽ魹ｽ魹ｽ魹ｽﾎｪﾏｵﾍｳﾍｳﾒｻ魹ｽ魹ｽﾇｩﾔｼ魹ｽ魹ｽ魹ｽ魹ｽ魹ｽ魹ｽ魹ｽ魹ｽ魹ｽ魹ｽ魹ｽ魹ｽ魹ｽﾖｧ魹ｽ魹ｽ魹ｽ魹ｽﾈｨﾐｭ魹ｽ鬘｢魹ｽ魹ｽ魹ｽﾅｺ魹ｽﾍｬ魹ｽ魹ｽ魹ｽ魹ｽ魹ｽ魹ｽﾍｬ魹ｽ魹ｽ魹ｽﾅｿ魹ｽ魹ｽ魹ｽ魹ｽ魹ｽ魹ｽ鬘｢魹ｽﾉｶ魹ｽ魹ｽ魹ｽ魹ｽ魹ｽ魹ｽﾈｶ魹ｽ魹ｽ魹ｽﾇｩﾔｼ魹ｽ魹ｽ魹ｽ魹ｽ魹ｽ魹ｽ魹ｽ魹ｽ
2魹ｽ魹ｽﾖｧ魹ｽ魹ｽ魹ｽ魹ｽ魹ｽ魹ｽ魹ｽ魹ｽ魹ｽ魹ｽ魹ｽAPP魹ｽ魹ｽﾎ｢魹ｽﾅ｡魹ｽﾐ｡魹ｽ魹ｽ魹ｽ魹ｽWeb魹ｽ魹ｽﾇｩﾔｼ魹ｽﾍｰ魹ｽ魹ｽ魹ｽ魹ｽ PAD 魹ｽﾖｳ魹ｽﾇｩﾔｼ魹ｽ魹ｽ魹ｽ魹ｽ魹ｽ魹ｽ魹ｽ魹ｽﾚｹ魹ｽ魹ｽ魹ｽﾍｬﾒｻ魹ｽﾗｴ魹ｽﾇｩ魹ｽ魹ｽ魹ｽ魹ｽﾄ｣魹ｽﾍ｡魹ｽ魹ｽ魹ｽﾍｬﾊｵ魹ｽ魹ｽ魹ｽ魹ｽﾗｴﾌｬ魹ｽ魹ｽ
3魹ｽ魹ｽ魹ｽ盪ｩ魹ｽ魹ｽﾇｩ魹ｽ魹ｽ魹ｽ魹ｽ魹ｽﾐｱ魹ｽ魹ｽ魹ｽ魹ｽ魹ｽ魹ｽ魹ｽﾇｩﾔｼ魹ｽ魹ｽ魹ｽ魹ｽ魹ｽﾘｺ魹ｽﾍｬ/ﾐｭ魹ｽ魹ｽ魹ｽ魹ｽ魹ｽﾝ｡魹ｽ魹ｽ魹ｽ魹ｽ魹ｽ/魹ｽ魹ｽ魹ｽ魹ｽ魹ｽﾈｰ魹ｽﾈｫ魹ｽ魹ｽﾖ､魹ｽ魹ｽ魹ｽ眇ｻﾇｩ魹ｽ魹ｽ魹ｽ魹ｽ魹ｽ魹ｽ魹ｽ魹ｽ魹ｽ魹ｽ
4魹ｽ魹ｽ魹ｽ魹ｽ魹ｽ魹ｽ魹ｽﾉｺ魹ｽﾍｬﾊｵ魹ｽ魹ｽ魹ｽ魹ｽ魹ｽ魹ｽﾍｬ魹ｽ魹ｽ魹ｽ魹ｽ魹ｽﾉｺ魹ｽﾍｬ魹ｽ魹ｽ魹ｽ魹ｽ魹ｽ魹ｽ魹ｽ + 魹ｽ魹ｽﾍｬ魹ｽ魹ｽﾐｭ魹ｽ鬟ｩﾄ｣魹ｽ魹ｽ魹ｽ魹ｽ魹ｽ魹ｽ魹ｽ魹ｽ魹ｽ盪ｩ魹ｽ魹ｽﾇｩﾔｼ魹ｽ魹ｽﾉｺ魹ｽﾍｨ魹ｽ魹ｽ魹ｽ魹ｽ魹ｽ魹ｽ魹ｽ魹ｽ魹ｽ魹ｽ魹ｽ魹ｽ魹ｽ魹ｽ魹ｽ魹ｽ魹ｽ魹ｽ魹ｽ魹ｽ魹ｽﾗｴﾌｬﾇｨ魹ｽﾆ｣魹ｽSIGNED魹ｽ魹ｽ魹ｽ魹ｽﾒｵ魹ｽ魹ｽ魹ｽ魹ｽ魹ｽ魹ｽﾍｬ魹ｽ魹ｽ"
9,魹ｽﾅｿ魹ｽ魹ｽ魹ｽ魹ｽ魹ｽ魹ｽ魹ｽ魹ｽ魹ｽ魹ｽ魹ｽﾋ｣魹ｽ,魹ｽﾍｻ魹ｽ魹ｽ魹ｽﾅｿ魹ｽﾖｸ魹ｽ魹ｽ魹ｽ魹ｽ魹ｽ魹ｽ魹ｽ魹ｽﾖｧ魹ｽ魹ｽﾖｸ魹ｽ魹ｽ,"1魹ｽ魹ｽ魹ｽﾚｿﾍｻ魹ｽ魹ｽ魹ｽﾕｹﾊｾ魹ｽ魹ｽ魹ｽ魹ｽ魹ｽ魹ｽﾈｺﾍｿﾉｷﾅｿ魹ｽ魹ｽ魹ｽ魹ｽ魹ｽﾅｼ魹ｽﾂｼ魹ｽ魹ｽﾖｧ魹ｽﾖｿﾍｻ魹ｽ魹ｽ魹ｽ魹ｽ魹ｽ魹ｽ魹ｽ魹ｽ/魹ｽﾅｿ魹ｽ魹ｽ魹ｽ魹ｽ魹ｽ
2魹ｽ魹ｽ魹ｽ魹ｽ魹ｽ魹ｽﾒｪ魹ｽ魹ｽ魹ｽ魹ｽﾖｧ魹ｽ魹ｽ魹ｽﾄｳ魹ｽ魹ｽ魹ｽ魹ｽ魹ｽ魹ｽ魹ｽ魹ｽ魹ｽ魹ｽﾍｻ魹ｽ魹ｽ魹ｽﾐｴ魹ｽﾕｿ賡ｽ魹ｽ魹ｽﾏ｢魹ｽ魹ｽ魹ｽ魹ｽﾍｾ魹ｽ魹ｽﾏ｢魹ｽﾈ｣魹ｽ魹ｽ眇ｻ魹ｽ魹ｽ魹ｽ魹ｽ魹ｽ魹ｽ魹ｽ魹ｽ魹ｽ魹ｽ魹ｽ魹ｽ魹ｽ魹ｽﾔｶ魹ｽﾐ｣魹ｽ魹ｽ
3魹ｽ魹ｽ魹ｽ魹ｽ魹ｽ魹ｽ魹ｽ魹ｽ魹ｽ魹ｽ魹ｽ魹ｽ魹ｽ魹ｽ魹ｽ魹ｽ魹ｽ魹ｽ魹ｽﾅｹ魹ｽ魹ｽ魹ｽ魹ｽ魹ｽ魹ｽ魹ｽ魹ｽ魹ｽﾅｿ魹ｽ魹ｽ魹ｽ魹ｽ魹ｽ魹ｽ魹ｽ魹ｽ魹ｽ魹ｽﾋ｣魹ｽﾐｭﾍｬ魹ｽ魹ｽ魹ｽ魹ｽﾉｷﾅｿ魹ｽﾖｸ魹ｽ豉ｫ魹ｽ魹ｽ
4魹ｽ魹ｽﾖｧ魹ｽﾖｷﾅｿ魹ｽﾇｰ魹ｽﾙｴﾎｷ魹ｽ魹ｽ魹ｽﾐ｣魹ｽ鬘｢魹ｽ魹ｽ魹ｽ魹ｽ/魹ｽ魹ｽ魹ｽﾅｵ魹ｽ魹ｽ魹ｽﾖ､魹ｽ魹ｽﾍｨ魹ｽ魹ｽﾇｩﾔｼ魹ｽ魹ｽ魹ｽ魹ｽ魹ｽﾈｫ魹ｽ魹ｽ魹ｽ魹ｽ魹ｽ"
10,魹ｽ魹ｽ魹ｽ魹ｽ魹ｽ魹ｽ魹ｽ魹ｽ魹ｽ魹ｽ魹ｽ魹ｽ魹ｽ魹ｽﾋ｣魹ｽ,魹ｽﾍｻ魹ｽ魹ｽ狃ｹ魹ｽ魹ｽﾆｻ魹ｽ魹ｽ鯀ｴ魹ｽ魹ｽ魹ｽ魹ｽ魹ｽ魹ｽ魹ｽ魹ｽ魹ｽ魹ｽ,"1魹ｽ魹ｽﾕｹﾊｾ魹ｽﾍｻ魹ｽ魹ｽ魹ｽ魹ｽ魹ｽ魹ｽﾋｻ魹ｽ魹ｽ魹ｽ魹ｽ魹ｽ魹ｽ魹ｽﾆｻ魹ｽ魹ｽ魹ｽ魹ｽ魹ｽﾊｷ魹ｽ魹ｽ魹ｽ魹ｽ魹ｽﾂｼ魹ｽ魹ｽ魹ｽ魹ｽﾏ｢
2魹ｽ魹ｽﾖｧ魹ｽﾖｿﾍｻ魹ｽ魹ｽ魹ｽ魹ｽ魹ｽ魹ｽ魹ｽ魹ｽ詇｢魹ｽ魹ｽﾇｰ魹ｽ魹ｽ魹ｽ蝪｢魹ｽ魹ｽ魹ｽ魹ｽ魹ｽ魹ｽﾇｰ魹ｽ魹ｽ魹ｽ魹ｽﾈｲ魹ｽ魹ｽ魹ｽ魹ｽ魹ｽ魹ｽ魹ｽ魹ｽﾉｻ魹ｽ魹ｽ魹ｽﾖｸ魹ｽ魹ｽ
3魹ｽ魹ｽ魹ｽ欞ｹ魹ｽ魹ｽ魹ｽ魹ｽ魹ｽ魹ｽ魹ｽ魹ｽ魹ｽ魹ｽ魹ｽﾋ｣魹ｽ魹ｽ魹ｽ魹ｽ魹ｽ魹ｽ魹ｽﾏｵﾍｳ/魹ｽ魹ｽ魹ｽ魹ｽﾏｵﾍｳ魹ｽ魹ｽ魹ｽﾉ｣魹ｽ魹ｽ魹ｽ魹ｽﾊｵ魹ｽﾊｿﾛｿ魹ｽ魹ｽ魹ｽ魹ｽ魹ｽ魹ｽ魹ｽ魹ｽ魹ｽ
4魹ｽ魹ｽﾖｧ魹ｽﾖｻ魹ｽ魹ｽ魹ｽ魹ｽ魹ｽ魹ｽ魹ｽﾍｨﾖｪ魹ｽ魹ｽ魹ｽ魹ｽ魹ｽ魹ｽ魹ｽ魹ｽﾊｾ魹ｽﾈｿﾍｻ魹ｽ魹ｽ魹ｽ魹ｽ魹ｽ魹ｽ魹ｽ魹ｽ魹ｽ"
11,ﾏｵﾍｳ魹ｽ魹ｽ魹ｽ魹ｽ魹ｽ魹ｽ魹ｽ,魹ｽﾃｻ魹ｽ/魹ｽ魹ｽﾉｫ/ﾈｨ魹ｽ魹ｽ魹ｽ魹ｽ魹ｽ魹ｽ魹ｽ魹ｽ魹ｽ魹ｽﾃｹ魹ｽ魹ｽ魹ｽ,"1魹ｽ魹ｽﾍｳﾒｻ魹ｽ魹ｽ魹ｽ魹ｽﾏｵﾍｳ魹ｽﾃｻ魹ｽ魹ｽ魹ｽ魹ｽ魹ｽ魹ｽ魹ｽ魹ｽ魹ｽ魹ｽ魹ｽﾎｻ魹ｽ魹ｽ魹ｽ魹ｽﾉｫ魹ｽ魹ｽﾈｨ魹ｽﾞ｣魹ｽﾖｧ魹ｽ魹ｽ魹ｽ魹ｽ魹ｽ魹ｽ魹ｽ魹ｽ魹ｽ魹ｽ魹ｽ魹ｽ魹ｽﾋｵ魹ｽﾍｳﾒｻ魹ｽ魹ｽﾖ､魹ｽ魹ｽﾈｨ
2魹ｽ魹ｽﾎｬ魹ｽ魹ｽﾏｵﾍｳ魹ｽ魹ｽ魹ｽ魹ｽ魹ｽ魹ｽ魹ｽ魹ｽ魹ｽ魹ｽ魹ｽ魹ｽ魹ｽ魹ｽ魹ｽ魹ｽﾔ｡魹ｽ魹ｽ魹ｽﾂｼ魹ｽ魹ｽﾈｫ魹ｽ魹ｽ魹ｽﾔ｡魹ｽ魹ｽ魹ｽ魹ｽ魹ｽﾆｵ魹ｽﾘ｡魹ｽﾒｵ魹ｽ嘷ｪｹﾘｵﾈ｣魹ｽ
3魹ｽ魹ｽﾎｪ魹ｽ魹ｽﾏ｢魹ｽ魹ｽ魹ｽﾄ｡魹ｽ魹ｽ魹ｽ魹ｽ魹ｽﾊｶ魹ｽ㝡｢ｰ魹ｽﾈｫ魹ｽ魹ｽ魹ｽ魹ｽ魹ｽﾍｨ魹ｽ魹ｽ魹ｽ魹ｽ魹ｽ魹ｽ魹ｽ盪ｩ魹ｽ魹ｽ魹ｽ魹ｽ魹ｽ魹ｽ魹ｽﾃ｣魹ｽ魹ｽ魹ｽﾐｩﾒｵ魹ｽ嗌｡ｾ魹ｽ魹ｽ魹ｽ魹ｽ魹ｽ魹ｽ魹ｽﾐｩ魹ｽ魹ｽﾖ､魹ｽ魹ｽﾊｽ魹ｽ魹ｽ
4魹ｽ魹ｽ魹ｽ盪ｩ魹ｽﾋｵ魹ｽ魹ｽ魹ｽ魹ｽﾃ｡魹ｽ魹ｽ魹ｽ魹ｽ魹ｽ魹ｽ魹ｽﾖｾ魹ｽ魹ｽ魹ｽ魹ｽ魹ｽ魹ｽ魹ｽﾖｾ魹ｽﾈｻ魹ｽ魹ｽ魹ｽ魹ｽ魹ｽﾎｬ魹ｽ𣝣ｲﾈｫ魹ｽﾜｿ魹ｽ魹ｽ魹ｽ魹ｽ魹ｽ"
12,魹ｽ魹ｽﾆｷ魹ｽ魹ｽ魹ｽ魹ｽ魹ｽ魹ｽ魹ｽ,魹ｽﾅｴ魹ｽ魹ｽ魹ｽﾆｷﾒｪ魹ｽ魹ｽ魹ｽ魹ｽ魹ｽ魹ｽ魹ｽ魹ｽ魹ｽ魹ｽ魹ｽ,"1魹ｽ魹ｽﾎｬ魹ｽ魹ｽ魹ｽﾅｴ魹ｽ魹ｽ魹ｽﾆｷ魹ｽﾄｻ魹ｽ魹ｽ魹ｽﾒｪ魹ｽﾘ｣魹ｽ魹ｽ魹ｽﾆｷ魹ｽ魹ｽ魹ｽﾍ｡魹ｽ魹ｽ魹ｽ魹ｽﾖ｡魹ｽ魹ｽ魹ｽ魹ｽﾞ｡魹ｽ魹ｽ魹ｽﾏ｢魹ｽ魹ｽﾊｽ魹ｽ魹ｽ魹ｽ魹ｽ魹ｽ賡ｽﾊｽ魹ｽﾈ｣魹ｽ
2魹ｽ魹ｽﾖｧ魹ｽﾖｱ魹ｽﾗｼ魹ｽ魹ｽﾆｷ魹ｽ櫤ｨ魹ｽﾆｲ魹ｽﾆｷ魹ｽ魹ｽ魹ｽﾃ｣魹ｽﾍｬﾒｻﾍｨ魹ｽﾃｲ魹ｽﾆｷ魹ｽ魹ｽ魹ｽ魹ｽ魹ｽ魹ｽ魹ｽ魹ｽ魹ｽ魹ｽ魹ｽ魹ｽ魹ｽ/魹ｽ魹ｽ魹ｽ魹ｽﾗｨ魹ｽ魹ｽ魹ｽﾓｲ魹ｽﾆｷ
3魹ｽ魹ｽ魹ｽ魹ｽ魹ｽ魹ｽ魹ｽ魹ｽ魹ｽ魹ｽ魹ｽ魹ｽ魹ｽ魹ｽ魹ｽ魹ｽﾅｹ魹ｽ魹ｽ魹ｽ魹ｽ魹ｽ魹ｽ魹ｽ魹ｽﾅｹ魹ｽ魹ｽ魹ｽ魹ｽ魹ｽ魹ｽ魹ｽ魹ｽ魹ｽ魹ｽ魹ｽ魹ｽ魹ｽ魹ｽ魹ｽ魹ｽ魹ｽ魹ｽ魹ｽﾐｭﾍｬ魹ｽ魹ｽﾎｪ魹ｽ魹ｽ魹ｽ魹ｽ魹ｽ魹ｽ魹ｽ盪ｩ魹ｽ魹ｽﾆｷ魹ｽ魹ｽ魹ｽ魹ｽ
4魹ｽ魹ｽﾖｧ魹ｽﾖｲ魹ｽﾆｷ魹ｽ魹ｽﾐｧ/ﾊｧﾐｧ魹ｽ魹ｽ魹ｽ豎ｾ魹ｽ魹ｽ魹ｽ魹ｽ魹ｽ魹ｽ魹ｽﾔｼ魹ｽ魹ｽ魹ｽ魹ｽ魹ｽ魹ｽ魹ｽ/魹ｽ魹ｽ魹ｽ魹ｽ魹ｽﾄｿﾉｼ魹ｽ魹ｽ魹ｽ魹ｽ魹ｽﾗｼ魹ｽ魹ｽ魹ｽ魹ｽ魹ｽ魹ｽ"
13,ﾓｪ魹ｽ魹ｽ魹ｽ魹ｽ魹ｽ魹ｽ魹ｽ魹ｽ魹ｽ魹ｽ魹ｽ魹ｽ魹ｽ,ﾓｪ魹ｽ魹ｽ魹ｽ賓ｯ魹ｽ魹ｽ魹ｽ魹ｽ魹ｽ魹ｽ魹ｽ魹ｽ魹ｽ魹ｽ魹ｽ,"1魹ｽ魹ｽ魹ｽ魹ｽ魹ｽ魹ｽﾓｪ魹ｽ魹ｽ魹ｽ魹ｽ魹ｽ魹ｽ魹ｽ魹ｽ魹ｽ賓ｯ魹ｽ魹ｽ魹ｽﾆ｡魹ｽﾊｱ魹ｽ茖｢魹ｽ魹ｽ魹ｽﾃｲ魹ｽﾆｷ魹ｽ魹ｽ魹ｽﾍｻ魹ｽ魹ｽ魹ｽﾎｧ魹ｽ魹ｽ魹ｽ魹ｽ魹ｽ魹ｽ魹ｽﾅｻﾝｵﾈ｣魹ｽ
2魹ｽ魹ｽ魹ｽ魹ｽ魹ｽ魹ｽﾓｪ魹ｽ魹ｽ魹ｽ魹ｽ魹ｽ魹ｽ魹ｽ魹ｽ魹ｽ魹ｽ魹ｽﾍｻ魹ｽ魹ｽ魹ｽ魹ｽ魹ｽ魹ｽ檥ｼ魹ｽ檥ｼ魹ｽ魹ｽ魹ｽ魹ｽﾖｧ魹ｽ魹ｽ魹ｽ魹ｽ魹ｽ魹ｽ魹ｽ魹ｽ魹ｽ魹ｽ魹ｽ箚ｿ魹ｽ魹ｽ魹ｽﾝｹ魹ｽ魹ｽ魹ｽ魹ｽ魹ｽ魹ｽ魹ｽ魹ｽ魹ｽ魹ｽﾉｸﾑ｡ﾄｿ魹ｽ魹ｽ魹ｽﾈｺ
3魹ｽ魹ｽ魹ｽ魹ｽﾔ､魹ｽ魹ｽ魹ｽ魹ｽ魹ｽ魹ｽ魹ｽ魹ｽ魹ｽ魹ｽﾉ｣魹ｽ魹ｽ魹ｽ魹ｽ魹ｽ魹ｽ魹ｽ魹ｽ魹ｽ魹ｽ魹ｽﾆｷﾔ､魹ｽ魹ｽ魹ｽﾅｶ魹ｽ魹ｽ魹ｽ魹ｽ魹ｽ魹ｽ
4魹ｽ魹ｽﾎｪ魹ｽ魹ｽ魹ｽ魹ｽ魹ｽ魹ｽﾕｹﾊｾﾓｪ魹ｽ魹ｽ魹ｽ賓ｯ魹ｽ魹ｽﾔ､魹ｽ魹ｽ魹ｽﾅｶ魹ｽ魹ｽ魹ｽ盪ｩ魹ｽ魹ｽ魹ｽ魹ｽﾖｧ魹ｽ魹ｽ"
14,魹ｽ魹ｽﾈｨ魹ｽ魹ｽ魹ｽﾃｹ魹ｽ魹ｽ魹ｽ魹ｽ魹ｽ魹ｽ,魹ｽ魹ｽﾈｨ魹ｽﾄｼ魹ｽ魹ｽ魹ｽ魹ｽ魹ｽ魹ｽ魹ｽ魹ｽ魹ｽ魹ｽ魹ｽ,"1魹ｽ魹ｽ魹ｽﾔｲ魹ｽﾆｷ + 魹ｽﾍｻ魹ｽ魹ｽ魹ｽ魹ｽ魹ｽ + ﾒｵ魹ｽ魹ｽﾗｶ魹ｽ""ﾎｪﾎｬ魹ｽﾈ｣魹ｽ魹ｽ魹ｽ魹ｽ魹ｽ魹ｽ魹ｽﾒｪ魹ｽﾍｻ魹ｽﾇｩ魹ｽ魹ｽ魹ｽ魹ｽ魹ｽﾈｨ魹ｽﾄｼ魹ｽ魹ｽ魹ｽ魹ｽ魹ｽ魹ｽ魹ｽ魹ｽ魹ｽﾈｨ魹ｽ魹ｽ魹ｽ魹ｽ魹ｽ魹ｽ魹ｽ魹ｽ魹ｽ魹ｽﾈｨ魹ｽ魹ｽ魹ｽ魹ｽ魹ｽ魹ｽ魹ｽ魹ｽﾈｨ魹ｽﾈ｣魹ｽ魹ｽﾔｼ魹ｽ魹ｽ魹ｽﾒｪﾖｴ魹ｽﾐｵﾄｹ魹ｽ魹ｽ魹ｽ魹ｽ
2魹ｽ魹ｽﾎｪ魹ｽﾍｻ魹ｽ魹ｽ魹ｽﾈｨﾗｼ魹ｽ魹ｽ魹ｽ魹ｽ魹ｽ魹ｽ魹ｽ魹ｽ魹ｽ魹ｽ魹ｽ魹ｽ魹ｽ魹ｽ魹ｽ魹ｽ魹ｽ魹ｽ魹ｽ魹ｽﾇｩﾔｼ魹ｽ魹ｽ魹ｽ魹ｽ盪ｩﾍｳﾒｻ魹ｽ魹ｽ魹ｽ魹ｽﾈｨ魹ｽ魹ｽ魹ｽﾃｲ魹ｽﾑｯ魹ｽ魹ｽ魹ｽ魹ｽ
3魹ｽ魹ｽ魹ｽ魹ｽﾖｴ魹ｽ魹ｽ魹ｽ魹ｽﾈｨ魹ｽ魹ｽ魹ｽﾌｺﾍｹ魹ｽ魹ｽ庬ｬｽ魹ｽ魹ｽ豢｢魹ｽ魹ｽ魹ｽﾃ｣魹ｽ魹ｽ魹ｽ魹ｽ魹ｽﾖｴ魹ｽ魹ｽ魹ｽﾉｷ魹ｽ魹ｽ魹ｽ魹ｽ魹ｽ魹ｽ魹ｽﾉ｣魹ｽ魹ｽ魹ｽﾈｨﾇｩ魹ｽ魹ｽ魹ｽ魹ｽﾇｩﾔｼ魹ｽ魹ｽ魹ｽ魹ｽ魹ｽ魹ｽ
4魹ｽ魹ｽﾖｧ魹ｽ魹ｽ魹ｽ魹ｽﾈｨ魹ｽ魹ｽ魹ｽﾃｵﾄｰ豎ｾ魹ｽ魹ｽ魹ｽ魹ｽ魹ｽ魹ｽ魹ｽ魹ｽ魹ｽ魹ｽ魹ｽ魹ｽ/魹ｽ魹ｽ魹ｽ魹ｽ/魹ｽﾍｻ魹ｽ魹ｽ魹ｽ魹ｽﾍｲ魹ｽ魹ｽ璐ｯ魹ｽ魹ｽ魹ｽ魹ｽ"""
15,魹ｽ魹ｽ魹ｽ魹ｽ魹ｽ魹ｽ魹ｽ魹ｽ魹ｽ魹ｽ魹ｽ,魹ｽ魹ｽ魹ｽ魹ｽ魹ｽ魹ｽ魹ｽﾕ｡魹ｽﾗｴﾌｬ魹ｽ魹ｽ魹ｽ魹ｽﾍｬ魹ｽ魹ｽ魹ｽ魹ｽ魹ｽ魹ｽﾖｴ魹ｽ魹ｽ,"1魹ｽ魹ｽﾍｳﾒｻ魹ｽ魹ｽ魹ｽ魹ｽ魹ｽ魹ｽ魹ｽﾅｽ魹ｽ魹ｽ魹ｽ魹ｽ魹ｽ魹ｽ魹ｽ魹ｽ魹ｽ/魹ｽ魹ｽ魹ｽﾅｽ魹ｽ魹ｽ魹ｽ魹ｽ魹ｽ魹ｽ魹ｽ魹ｽ魹ｽ魹ｽ魹ｽ魹ｽﾈ｣魹ｽﾎｬ魹ｽ魹ｽ魹ｽ魹ｽ魹ｽ魹ｽ魹ｽ魹ｽ魹ｽ魹ｽ魹ｽ魹ｽ魹ｽﾚ｣魹ｽRECEIVED魹ｽ魹ｽUNDER_REVIEW魹ｽ魹ｽAPPROVED魹ｽ魹ｽSIGNED魹ｽ魹ｽDISBURSED魹ｽ魹ｽREJECTED 魹ｽﾈ｣魹ｽ
2魹ｽ魹ｽ魹ｽﾚｲ魹ｽﾍｬﾗｴﾌｬﾇｨ魹ｽ魹ｽﾊｱ魹ｽ魹ｽ魹ｽ魹ｽ魹ｽﾝ｡魹ｽ魹ｽ魹ｽ魹ｽ魹ｽ魹ｽ魹ｽ魹ｽ魹ｽ-ﾒｵ魹ｽ魹ｽ魹ｽ魹ｽ魹ｽ魹ｽﾍｬ魹ｽ魹ｽ魹ｽ魹ｽ魹ｽ魹ｽ魹ｽ魹ｽﾆ｡魹ｽ魹ｽﾐｵﾄｲ魹ｽ魹ｽﾔｱ魹ｽ魹ｽ魹ｽ魹ｽ魹ｽ魹ｽ魹ｽﾆｷ魹ｽ魹ｽ魹ｽﾃｶﾔｿﾍｻ魹ｽ魹ｽ魹ｽ魹ｽ魹ｽ魹ｽ魹ｽ魹ｽ魹ｽ魹ｽ魹ｽ魹ｽﾅ｡魹ｽ魹ｽ魹ｽ魹ｽﾅ｡魹ｽ魹ｽ魹ｽﾈ｡魹ｽ魹ｽ魹ｽﾍｬ魹ｽ魹ｽﾄ｣魹ｽ魹ｽﾖｴ魹ｽ魹ｽ魹ｽﾝｵ魹ｽ upsertByIntake 魹ｽ魹ｽ魹ｽ魹ｽﾌｬﾈｷ魹ｽ魹ｽ
3魹ｽ魹ｽ魹ｽ魹ｽ魹ｽﾝｷ魹ｽ魹ｽﾗｼ魹ｽ魹ｽ魹ｽ魹ｽ魹ｽ魹ｽ魹ｽ魹ｽﾆｷ魹ｽ魹ｽ魹ｽ魹ｽ魹ｽ魹ｽ魹ｽ魹ｽﾂｷ魹ｽﾉ｣魹ｽﾖｱﾍｨﾇｩﾔｼ魹ｽ魹ｽ魹ｽ魹ｽ魹ｽ魹ｽﾇｩﾔｼ魹ｽ魹ｽ魹ｽ啊ｩ｡魹ｽﾗｪ魹ｽﾋｹ魹ｽ魹ｽ魹ｽ魹ｽ魹ｽﾒｻ魹ｽ魹ｽ魹ｽ㖦｢ｽ魹ｽ魹ｽﾋｹ魹ｽ魹ｽ魹ｽ魹ｽ魹ｽ魹ｽﾈ｣魹ｽ魹ｽ魹ｽ魹ｽ欄､魹ｽ魹ｽ魹ｽ魹ｽ/魹ｽ魹ｽ魹ｽ魹ｽ魹ｽ魹ｽ魹ｽ魹ｽ魹ｽﾐｭﾍｬ魹ｽ魹ｽ魹ｽﾉｴ魹ｽ魹ｽ魹ｽ魹ｽ魹ｽ魹ｽ魹ｽ
4魹ｽ魹ｽﾖｧ魹ｽ魹ｽ魹ｽ魹ｽﾍｬ魹ｽ魹ｽ""魹ｽ魹ｽ""魹ｽ魹ｽﾍｬ魹ｽ魹ｽ""魹ｽ魹ｽ魹ｽ魹ｽﾄ｣ﾊｽ魹ｽ魹ｽﾍｨ魹ｽ魹ｽ魹ｽ魹ｽ魹ｽﾃｾ魹ｽ魹ｽ魹ｽ魹ｽ魹ｽ RECEIVED魹ｽ魹ｽAPPROVED魹ｽ魹ｽSIGNED 魹ｽﾈｽﾚｵ魹ｽ魹ｽﾒｵ魹ｽ魹ｽﾄ｣魹ｽ魹ｽﾐｴ魹ｽ魹ｽ魹ｽ魹ｽ魹ｽ魹ｽ魹ｽ魹ｽ魹ｽﾝｵ魹ｽﾊｱ魹ｽ魹ｽ"""
16,魹ｽﾍｻ魹ｽ魹ｽ魹ｽ魹ｽ魹ｽ魹ｽ魹ｽ魹ｽ,魹ｽﾍｻ魹ｽ魹ｽ魹ｽ魹ｽ魹ｽ魹ｽ魹ｽ魹ｽ魹ｽﾊｱ/魹ｽ魹ｽﾊｽ魹ｽ魹ｽ魹ｽ魹ｽ魹ｽﾔｴ魹ｽ魹ｽ魹ｽ魹ｽ,"1魹ｽ魹ｽﾎｬ魹ｽ魹ｽ魹ｽ魹ｽ魹ｽ魹ｽ/魹ｽﾔｹ魹ｽ魹ｽﾍｻ魹ｽ魹ｽ魹ｽ魹ｽ魹ｽ魹ｽ魹ｽ魹ｽ魹ｽ魹ｽ魹ｽ魹ｽ魹ｽ魹ｽ魹ｽ魹ｽ魹ｽﾏ｢魹ｽ魹ｽ魹ｽ魹ｽﾏｵ魹ｽ魹ｽﾊｽ魹ｽ魹ｽﾖ､魹ｽ魹ｽ魹ｽ魹ｽﾏ｢魹ｽ魹ｽ魹ｽ魹ｽ魹ｽ魹ｽ魹ｽ魹ｽ魹ｽﾔ｡魹ｽ魹ｽ魹ｽﾇｩ魹ｽﾈ｣魹ｽﾖｧ魹ｽ魹ｽ魹ｽ魹ｽﾊｱ魹ｽﾍｻ魹ｽ""魹ｽ魹ｽ""魹ｽ魹ｽﾊｽ魹ｽﾍｻ魹ｽ""ﾗｴﾌｬ
2魹ｽ魹ｽﾖｧ魹ｽﾖｶ魹ｽ魹ｽﾖｽ魹ｽ魹ｽ魹ｽ魹ｽ魹ｽﾔｴ魹ｽ魹ｽ魹ｽ魹ｽ魹ｽ魹ｽﾗ｢魹ｽ癸｢魹ｽ魹ｽ魹ｽ魹ｽ魹ｽ魹ｽ魹ｽﾌｲ魹ｽﾂｼ魹ｽ魹ｽ魹ｽ箚ｿﾆｽﾌｨ魹ｽﾍｻ魹ｽ魹ｽ魹ｽﾏ｢魹ｽ魹ｽ魹ｽﾍｵﾈ｣魹ｽ魹ｽ箚ｿ魹ｽ魹ｽﾔｴﾍｨ魹ｽ魹ｽ external_source + external_customer_id ﾈ･魹ｽﾘ｣魹ｽ魹ｽ魹ｽ魹ｽ魹ｽ魹ｽﾘｸ魹ｽ魹ｽ魹ｽ魹ｽ魹ｽ
3魹ｽ魹ｽﾖｧ魹ｽ魹ｽ魹ｽ魹ｽﾇｩﾔｼ魹ｽ魹ｽ魹ｽ魹ｽ魹ｽ魹ｽﾍｨ魹ｽ魹ｽ魹ｽ魹ｽﾗｨ魹ｽﾅｽ魹ｽ魹ｽ魹ｽ魹ｽ魹ｽ魹ｽﾚ｣魹ｽ魹ｽ魹ｽ魹ｽ魹ｽﾊｱ魹ｽﾍｻ魹ｽ魹ｽ魹ｽ魹ｽ魹ｽﾎｪ魹ｽ魹ｽﾊｽ魹ｽﾍｻ魹ｽ
4魹ｽ魹ｽ魹ｽ魹ｽ魹ｽ魹ｽ魹ｽ魹ｽ魹ｽ魹ｽ魹ｽ魹ｽ魹ｽ魹ｽ魹ｽ魹ｽ魹ｽﾅｹ魹ｽ魹ｽ魹ｽ魹ｽ魹ｽ魹ｽ魹ｽ魹ｽﾅｹ魹ｽ魹ｽ魹ｽ魹ｽ魹ｽ魹ｽ魹ｽﾈｹ魹ｽ魹ｽ魹ｽ魹ｽ魹ｽ魹ｽ魹ｽﾍｬ魹ｽ魹ｽ魹ｽ魹ｽ魹ｽ魹ｽ魹ｽ魹ｽ魹ｽﾍｨ魹ｽ魹ｽ魹ｽﾍｻ魹ｽ魹ｽﾅｹ魹ｽ魹ｽ魹ｽ魹ｽ魹ｽ魹ｽ盪ｩﾍｳﾒｻ魹ｽﾍｻ魹ｽ魹ｽ魹ｽﾍｼ"""
17,魹ｽ魹ｽ魹ｽ魹ｽ魹ｽ魹ｽ魹ｽ魹ｽ魹ｽ魹ｽ魹ｽ,魹ｽﾍｻ魹ｽ魹ｽ魹ｽ魹ｽ魹ｽ魹ｽ魹ｽ魹ｽ魹ｽ魹ｽﾖｽ魹ｽ魹ｽ魹ｽ魹ｽ魹ｽ魹ｽ,"1魹ｽ魹ｽ魹ｽﾔｸ魹ｽ魹ｽ魹ｽ/魹ｽﾔｹ魹ｽ魹ｽﾍｻ魹ｽ魹ｽ魹ｽ魹ｽ魹ｽ魹ｽ魹ｽ魹ｽ魹ｽ魹ｽ魹ｽ魹ｽ魹ｽ魹ｽ魹ｽ魹ｽ魹ｽ魹ｽﾖ｣魹ｽﾖｧ魹ｽﾖｶ魹ｽ魹ｽ魹ｽ魹ｽ魹ｽ魹ｽ魹ｽﾄ｣魹ｽﾍ｣魹ｽ魹ｽ魹ｽ魹ｽ魹ｽ魹ｽ魹ｽ魹ｽ箚ｿ魹ｽ魹ｽ魹ｽﾖ｡魹ｽ魹ｽ魹ｽ魹ｽﾄ｣魹ｽﾍｵﾈ｣魹ｽ
2魹ｽ魹ｽ魹ｽ魹ｽ魹ｽﾚｽ魹ｽ魹ｽ魹ｽ魹ｽ魹ｽ魹ｽﾕ｣魹ｽ魹ｽ魹ｽﾍｬ魹ｽ魹ｽ魹ｽ魹ｽ魹ｽ魹ｽﾇｩﾔｼ魹ｽ魹ｽﾉ｣魹ｽ魹ｽ魹ｽﾍｬ魹ｽ魹ｽ魹ｽ魹ｽﾊｱﾐｴ魹ｽ魹ｽ魹ｽ魹ｽ魹ｽ魹ｽ魹ｽ魹ｽ魹ｽ魹ｽ魹ｽ魹ｽﾔｽ魹ｽ魹ｽ魹ｽ魹ｽ魹ｽ/魹ｽﾍｻ魹ｽ魹ｽ魹ｽﾎｪ魹ｽﾝｵﾈｼ魹ｽ
3魹ｽ魹ｽ魹ｽ魹ｽ魹ｽ魹ｽ魹ｽ魹ｽ魹ｽ魹ｽ魹ｽ魹ｽ魹ｽ魹ｽ魹ｽ魹ｽ魹ｽ魹ｽ箚ｿ魹ｽ魹ｽ魹ｽﾝｹ魹ｽ魹ｽ魹ｽ魹ｽ魹ｽ魹ｽ魹ｽ魹ｽ魹ｽﾉ｣魹ｽﾊｹ魹ｽ魹ｽ魹ｽ箚ｿ魹ｽ魹ｽ魹ｽ魹ｽ魹ｽ魹ｽ魹ｽﾚｲ魹ｽ魹ｽ魹ｽﾎｪ魹ｽ魹ｽ魹ｽ魹ｽ魹ｽ魹ｽﾎｪﾄ｣魹ｽ魹ｽ魹ｽ魹ｽ魹ｽ魹ｽ
4魹ｽ魹ｽﾎｪ魹ｽ魹ｽ魹ｽﾅｹ魹ｽ魹ｽ魹ｽ魹ｽ魹ｽ魹ｽ魹ｽﾈｹ魹ｽ魹ｽ魹ｽ魹ｽ魹ｽ魹ｽ魹ｽ魹ｽ魹ｽ魹ｽ魹ｽ魹ｽ魹ｽ盪ｩ魹ｽ魹ｽ魹ｽ魹ｽ魹ｽ魹ｽ魹ｽ魹ｽ魹ｽ魹ｽ魹ｽﾊｷ魹ｽ魹ｽ魹ｽ魹ｽ魹ｽﾂｼ"
18,魹ｽ魹ｽ魹ｽﾅｹ魹ｽ魹ｽ魹ｽ魹ｽ魹ｽ魹ｽ,魹ｽ魹ｽ魹ｽ魹ｽ魹ｽ魹ｽ魹ｽ槩｢魹ｽ魹ｽ魹ｽ魹ｽ魹ｽ魹ｽ魹ｽ魹ｽ魹ｽ魹ｽ魹ｽ魹ｽ魹ｽﾅｺ魹ｽﾍｬ,"1魹ｽ魹ｽ魹ｽ魹ｽ魹ｽ魹ｽ魹ｽ魹ｽ魹ｽ魹ｽ魹ｽ魹ｽ魹ｽ魹ｽ魹ｽ魹ｽﾏ｢魹ｽ魹ｽ魹ｽ魹ｽ魹ｽﾅｶ魹ｽﾈ｡魹ｽ魹ｽ魹ｽ魹ｽﾞ｡魹ｽ魹ｽ魹ｽﾍｾ魹ｽ魹ｽ魹ｽ魹ｽ魹ｽ魹ｽ魹ｽ魹ｽﾊｽ魹ｽﾈ｣魹ｽ魹ｽ魹ｽ魹ｽ魹ｽ魹ｽ魹ｽ魹ｽ魹ｽ魹ｽﾛ｣魹ｽﾍｨ魹ｽ魹ｽ/魹ｽﾜｾ魹ｽ/魹ｽﾋｻﾘ｣魹ｽ
2魹ｽ魹ｽ魹ｽ魹ｽﾎｪ魹ｽ魹ｽ魹ｽ魹ｽﾒｻ魹ｽ魹ｽ魹ｽ魹ｽ""ﾒｵ魹ｽ魹ｽﾇ｣ﾍｷ魹ｽ魹ｽﾖｮﾒｻ魹ｽ魹ｽ魹ｽ魹ｽ魹ｽ魹ｽ魹ｽ魹ｽﾒｻ魹ｽ眇ｻﾊｱ魹ｽ魹ｽ魹ｽ魹ｽ魹ｽ魹ｽ魹ｽ魹ｽ魹ｽ魹ｽ魹ｽ魹ｽ魹ｽﾅ｡魹ｽ魹ｽ魹ｽ魹ｽﾅ｡魹ｽ魹ｽ魹ｽ魹ｽ魹ｽ魹ｽ魹ｽﾘｽ魹ｽ魹ｽ魹ｽ魹ｽ魹ｽ魹ｽ魹ｽ魹ｽ魹ｽ魹ｽ魹ｽ魹ｽ魹ｽ魹ｽ
3魹ｽ魹ｽ魹ｽ魹ｽ魹ｽ魹ｽﾍｨ魹ｽ魹ｽ魹ｽ㫗･ｷ魹ｽ魹ｽ魹ｽﾍｬ魹ｽ魹ｽ魹ｽ魹ｽ魹ｽ魹ｽ魹ｽ魹ｽ魹ｽ魹ｽ魹ｽ魹ｽ魹ｽ魹ｽﾅｺ魹ｽﾍｬ魹ｽ魹ｽ魹ｽ魹ｽﾇｩﾔｼ魹ｽ魹ｽ魹ｽﾐｭﾍｬ魹ｽ魹ｽ魹ｽ魹ｽﾇｩﾔｼ魹ｽ魹ｽ魹ｽ魹ｽ魹ｽ魹ｽﾍｻ魹ｽ PAD 魹ｽ魹ｽ魹ｽﾉ｣魹ｽ
4魹ｽ魹ｽ魹ｽ魹ｽ魹ｽﾈｹ魹ｽ魹ｽ魹ｽ魹ｽ魹ｽ魹ｽ魹ｽ魹ｽ魹ｽﾉ｣魹ｽ魹ｽ魹ｽﾂｼ魹ｽ魹ｽ魹ｽﾅｶ魹ｽﾈ｡魹ｽ魹ｽ魹ｽ魹ｽﾃｶ魹ｽﾈ｣魹ｽﾖｧ魹ｽﾅｺ魹ｽ魹ｽ魹ｽ魹ｽ魹ｽ魹ｽ魹ｽ魹ｽ魹ｽ魹ｽ魹ｽ魹ｽ魹ｽ魹ｽﾈｵ魹ｽ魹ｽ魹ｽ"""
19,魹ｽ魹ｽﾈｹ魹ｽ魹ｽ魹ｽ魹ｽ魹ｽ魹ｽ,魹ｽ魹ｽﾈｲ魹ｽ魹ｽ罍｢ﾕｼ魹ｽ魹ｽ魹ｽ魹ｽ魹ｽ魹ｽ魹ｽ,"1魹ｽ魹ｽﾎｬ魹ｽ魹ｽ魹ｽﾍｻ魹ｽ魹ｽ魹ｽ魹ｽﾅｶ魹ｽﾈ｡魹ｽ魹ｽ魹ｽ魹ｽﾅｶ魹ｽﾈ｡魹ｽ魹ｽ魹ｽ魹ｽﾃｶ魹ｽﾈｵ魹ｽ魹ｽ魹ｽﾏ｢魹ｽ魹ｽﾖｧ魹ｽﾖｶ魹ｽﾎｬ魹ｽﾈ｣魹ｽ魹ｽﾍｻ魹ｽ/魹ｽ魹ｽ魹ｽ魹ｽ/魹ｽ魹ｽﾆｷ/魹ｽ魹ｽ魹ｽ魹ｽ魹ｽﾈ｣魹ｽ魹ｽ魹ｽ魹ｽ魹ｽ
2魹ｽ魹ｽﾖｧ魹ｽ魹ｽ魹ｽ魹ｽﾔ､魹ｽ魹ｽ魹ｽﾅ｡魹ｽ魹ｽ魹ｽ魹ｽ魹ｽ魹ｽ魹ｽ魹ｽ魹ｽ魹ｽ魹ｽ魹ｽ魹ｽﾈｼ魹ｽ魹ｽ詇｢ﾇｩﾔｼ魹ｽ魹ｽ魹ｽ魹ｽ魹ｽﾈｲ魹ｽﾍｬﾒｵ魹ｽ魹ｽﾗｶﾎｽ魹ｽ魹ｽﾐｶ魹ｽﾈｲ魹ｽ魹ｽ魹ｽ魹ｽ魹ｽ魹ｽ魹ｽﾕｼ魹ｽ魹ｽ/魹ｽﾍｷ魹ｽ
3魹ｽ魹ｽﾖｧ魹ｽﾖｶ魹ｽﾈｵ魹ｽ魹ｽ魹ｽ魹ｽ魹ｽ魹ｽ魹ｽﾈｼ魹ｽ魹ｽ魹ｽ魹ｽﾒｵ魹ｽ魹ｽ魹ｽ魹ｽ魹ｽ魹ｽ魹ｽﾅｹ魹ｽ魹ｽ魹ｽ魹ｽ魹ｽ魹ｽ魹ｽ魹ｽ魹ｽ魹ｽ魹ｽ魹ｽ魹ｽ魹ｽ魹ｽ魹ｽ魹ｽ魹ｽ魹ｽ魹ｽ魹ｽ魹ｽ魹ｽ魹ｽ魹ｽﾍｨ魹ｽ魹ｽ魹ｽ魹ｽ魹ｽ魹ｽﾐｧ
4魹ｽ魹ｽ魹ｽ盪ｩ魹ｽ魹ｽﾈｼ魹ｽ魹ｽﾐｶﾈ｡魹ｽ魹ｽﾞｶ魹ｽ魹ｽ魹ｽﾆｵ魹ｽ魹ｽ魹ｽ魹ｽ魹ｽ魹ｽ魹ｽﾎｪ魹ｽ魹ｽ魹ｽ魹ｽ魹ｽ魹ｽﾚｲ魹ｽ魹ｽ魹ｽ魹ｽ魹ｽﾆｫ魹ｽﾃｹﾜｿ魹ｽ魹ｽ盪ｩﾖｧ魹ｽ魹ｽ"
20,魹ｽ魹ｽ魹ｽﾅｹ魹ｽ魹ｽ魹ｽ魹ｽ魹ｽ魹ｽ,魹ｽ魹ｽ魹ｽ魹ｽ/魹ｽ魹ｽ魹ｽ魹ｽ魹ｽﾂｼ魹ｽ魹ｽﾅｿ魹ｽﾇｰ魹ｽ魹ｽﾗｴﾌｬ,"1魹ｽ魹ｽ魹ｽ魹ｽﾂｼﾃｿ魹ｽ魹ｽ魹ｽ魹ｽ魹ｽ魹ｽ/魹ｽ魹ｽ魹ｽ魹ｽ魹ｽ魹ｽ魹ｽ魹ｽ魹ｽ魹ｽ魹ｽﾏ｢魹ｽ魹ｽ魹ｽ魹ｽ魹ｽ魹ｽ魹ｽ魹ｽ魹ｽﾛ｡魹ｽ魹ｽ魹ｽﾍｬ魹ｽ魹ｽ魹ｽ魹ｽ魹ｽ魹ｽ魹ｽﾅｿ魹ｽﾗｴﾌｬ魹ｽ魹ｽ
2魹ｽ魹ｽ魹ｽ魹ｽ魹ｽ魹ｽ魹ｽ魹ｽ魹ｽ魹ｽ魹ｽ魹ｽ魹ｽ魹ｽ魹ｽ魹ｽ魹ｽ魹ｽ魹ｽ魹ｽ魹ｽ魹ｽ魹ｽ魹ｽ魹ｽ魹ｽ魹ｽ魹ｽ魹ｽ魹ｽ魹ｽ魹ｽ魹ｽ魹ｽ魹ｽ/魹ｽ魹ｽ魹ｽ魹ｽ魹ｽ魹ｽ魹ｽ魹ｽ魹ｽ魹ｽ魹ｽ魹ｽ魹ｽﾍｬ魹ｽ魹ｽ魹ｽ魹ｽ魹ｽ魹ｽ魹ｽﾐｭﾍｬ魹ｽ魹ｽ魹ｽ魹ｽﾉｴ魹ｽ魹ｽ魹ｽ魹ｽ魹ｽ魹ｽ魹ｽ魹ｽ檥ｽ魹ｽ魹ｽ魹ｽ魹ｽ魹ｽ魹ｽﾇｩﾔｼ魹ｽ魹ｽ魹ｽﾅｿ魹ｽ魹ｽﾈｫ魹ｽ魹ｽ魹ｽ魹ｽ魹ｽ魹ｽﾏ｢魹ｽ魹ｽ魹ｽ魹ｽ
3魹ｽ魹ｽﾖｧ魹ｽﾖｲ魹ｽ魹ｽ魹ｽ魹ｽ魹ｽ詇｢魹ｽ魹ｽ魹ｽ魹ｽ魹ｽ詇｢ﾑｭ魹ｽ魹ｽ魹ｽ魹ｽ魹ｽ魹ｽ魹ｽ魹ｽﾅｵﾈｸ魹ｽ魹ｽ魹ｽ魹ｽ魹ｽ魹ｽ魹ｽﾄ｣ﾊｽ
4魹ｽ魹ｽﾎｪ魹ｽﾅｿ魹ｽ魹ｽ魹ｽ魹ｽ魹ｽ魹ｽ魹ｽ魹ｽ魹ｽ魹ｽ魹ｽ魹ｽ魹ｽ魹ｽ魹ｽ魹ｽ魹ｽ魹ｽ魹ｽ魹ｽ魹ｽ魹ｽ魹ｽ魹ｽ魹ｽ魹ｽ盪ｩ魹ｽ魹ｽ魹ｽ魹ｽ魹ｽ魹ｽ魹ｽﾝｻ魹ｽ魹ｽ魹ｽ"
21,魹ｽ魹ｽﾍｬ魹ｽ魹ｽ魹ｽ魹ｽ魹ｽ魹ｽ魹ｽ,魹ｽ魹ｽﾍｬﾊｵ魹ｽ魹ｽ魹ｽ魹ｽ魹ｽ魹ｽ魹ｽ魹ｽ魹ｽﾚｹ魹ｽ魹ｽ魹ｽ,"1魹ｽ魹ｽ魹ｽ魹ｽ魹ｽﾝｺ魹ｽﾍｬ魹ｽ魹ｽﾐｭ魹ｽ鬟ｩﾄ｣魹ｽ魹ｽ魹ｽ魹ｽ魹ｽ魹ｽ魹ｽ魹ｽ魹ｽ盪ｩ魹ｽ魹ｽﾄ｣魹ｽ魹ｽ魹ｽﾒｵ魹ｽ魹ｽ魹ｽ魹ｽ魹ｽ魹ｽ魹ｽ魹ｽ魹ｽﾉｺ魹ｽﾍｬﾊｵ魹ｽ魹ｽ魹ｽ魹ｽ魹ｽ魹ｽ魹ｽﾅｺ魹ｽﾍｬ魹ｽ魹ｽ魹ｽ魹ｽ魹ｽ魹ｽﾍｬ魹ｽ魹ｽ魹ｽﾅｿ魹ｽ魹ｽ魹ｽ魹ｽ魹ｽ魹ｽ鬘｢魹ｽ魹ｽﾈｨﾐｭ魹ｽ鬘｢魹ｽﾉｶ魹ｽ魹ｽ魹ｽ魹ｽ魹ｽ魹ｽﾈ｣魹ｽ
2魹ｽ魹ｽﾎｬ魹ｽ魹ｽ魹ｽ魹ｽﾍｬﾊｵ魹ｽ魹ｽ魹ｽ魹ｽ魹ｽ魹ｽ魹ｽ魹ｽ魹ｽ魹ｽﾍｻ魹ｽ魹ｽ魹ｽ魹ｽ魹ｽ魹ｽﾅ｡魹ｽ魹ｽ魹ｽ魹ｽﾅｵﾈｵﾄｹ魹ｽ魹ｽ魹ｽ魹ｽ魹ｽﾏｵ魹ｽ魹ｽ魹ｽ魹ｽ魹ｽ魹ｽ魹ｽ魹ｽﾍｬﾗｴﾌｬ魹ｽ魹ｽ魹ｽﾝｸ蝪｢魹ｽ魹ｽﾇｩ魹ｽ魹ｽ魹ｽ魹ｽﾇｩ魹ｽ魹ｽ魹ｽ魹ｽﾐｧ魹ｽ魹ｽ魹ｽ魴ｵ魹ｽﾈ｣魹ｽ
3魹ｽ魹ｽ魹ｽ魹ｽ魹ｽ魹ｽﾇｩﾔｼ魹ｽ魹ｽ魹ｽ魹ｽﾘｴ魹ｽ魹ｽ魹ｽﾇｩ魹ｽ魹ｽ魹ｽ魹ｽ魹ｽ魹ｽ魹ｽ魹ｽ魹ｽ魹ｽﾍｬﾗｴﾌｬ魹ｽ魹ｽ魹ｽ魹ｽﾎｪ魹ｽ魹ｽﾇｩ魹ｽ魹ｽ/魹ｽ魹ｽﾐｧ魹ｽ魹ｽ魹ｽ魹ｽ魹ｽ魴ｵ魹ｽ魹ｽﾍｬ魹ｽﾄｱ魹ｽ
4魹ｽ魹ｽﾎｪﾇｩﾔｼ魹ｽ魹ｽ魹ｽ魹ｽ盪ｩ魹ｽ魹ｽﾍｬ魹ｽ魹ｽ魹ｽﾝｲ魹ｽﾑｯ魹ｽ魹ｽ魹ｽ魹ｽﾈｾ魹ｽ魹ｽ魹ｽﾝ｣魹ｽﾎｪ魹ｽ魹ｽ魹ｽ魹ｽ魹ｽ魹ｽ魹ｽ魹ｽ魹ｽ魹ｽ魹ｽ魹ｽ魹ｽ SIGNED ﾗｴﾌｬ魹ｽﾂｵ魹ｽﾍｬ魹ｽ魹ｽ魹ｽ魹ｽ魹ｽ魹ｽ魹ｽ盪ｩ魹ｽ魹ｽﾍｬ魹ｽ魹ｽﾌｬﾈｷ魹ｽ魹ｽ魹ｽ魹ｽ魹ｽ魹ｽ"
22,魹ｽ魹ｽﾍｬ魹ｽ魹ｽﾐｭ魹ｽ鬟ｩﾄ｣魹ｽ魹ｽ魹ｽ魹ｽ魹ｽ魹ｽ魹ｽ魹ｽ,魹ｽ魹ｽﾍｬ魹ｽ魹ｽﾐｭ魹ｽ魹ｽﾄ｣魹ｽ魹ｽ魹ｽ魹ｽ魹ｽ,"1魹ｽ魹ｽﾎｬ魹ｽ魹ｽ魹ｽ魹ｽ魹ｽ魹ｽ魹ｽﾍｬ魹ｽ魹ｽﾐｭ魹ｽ魹ｽﾄ｣魹ｽ螢ｨ魹ｽ魹ｽ魹ｽ魹ｽ魹ｽ魹ｽ魹ｽ魹ｽ盪ｹ魹ｽ魹ｽ魹ｽ魹ｽ魹ｽ魹ｽ魹ｽ魹ｽ魹ｽ蝪｢魹ｽ魹ｽﾓ｡魹ｽ魹ｽ/魹ｽ魹ｽ魹ｽﾓｰ魹ｽ魹ｽﾊｽ魹ｽﾈ｣魹ｽ
2魹ｽ魹ｽﾖｧ魹ｽﾖｰ魹ｽ魹ｽ魹ｽﾍｬ魹ｽ魹ｽ魹ｽﾍ｡魹ｽﾄ｣魹ｽ魹ｽ魹ｽ魹ｽ槩｢魹ｽ豎ｾ魹ｽﾅ｡魹ｽ魹ｽ魹ｽﾆｷ魹ｽ魹ｽ魹ｽ魹ｽ魹ｽ魹ｽ魹ｽ魹ｽﾎｬ魹ｽﾈｽ魹ｽ魹ｽ魹ｽﾄ｣魹ｽ魹ｽ魹ｽﾑｯ魹ｽ櫧｢魹ｽ魹ｽ
3魹ｽ魹ｽﾎｪ魹ｽ魹ｽﾍｬ魹ｽ魹ｽ魹ｽ魹ｽ魹ｽ魹ｽ魹ｽ魹ｽ魹ｽ魹ｽﾉｺ魹ｽﾍｬﾊｵ魹ｽ魹ｽ魹ｽ盪ｩﾄ｣魹ｽ魹ｽ魹ｽ魹ｽ魹ｽ魹ｽ魹ｽ魹ｽ魹ｽ魹ｽ魹ｽﾎｪﾇｩﾔｼ魹ｽ魹ｽ魹ｽﾕｹﾊｾ魹ｽ魹ｽﾍｬ/ﾐｭ魹ｽ魹ｽ魹ｽ魹ｽ魹ｽ魹ｽ魹ｽ盪ｩ魹ｽ盪ｹ
4魹ｽ魹ｽﾖｧ魹ｽ魹ｽﾄ｣魹ｽ魹ｽ豎ｾ魹ｽ魹ｽ魹ｽ魹ｽ魹ｽ魹ｽ魹ｽ魹ｽﾐｧ/ﾊｧﾐｧ魹ｽ魹ｽ魹ｽﾆ｣魹ｽ魹ｽ魹ｽﾖ､魹ｽ魹ｽﾍｬﾊｱ魹ｽ魹ｽ魹ｽ魹ｽ魹ｽ魹ｽﾉｵﾄｺ魹ｽﾍｬﾊｹ魹ｽ魹ｽ魹ｽ魹ｽﾈｷ魹ｽ豎ｾ"
23,ﾑｺﾆｷ魹ｽ魹ｽ魹ｽ,魹ｽ魹ｽ魹ｽ魹ｽﾑｺ魹ｽ魹ｽ魹ｽ魹ｽ魹ｽ,"1魹ｽ魹ｽﾎｬ魹ｽ魹ｽ魹ｽ魹ｽ魹ｽ魹ｽﾑｺ魹ｽ魹ｽ魹ｽ魹ｽﾏ｢魹ｽ魹ｽ魹ｽ魹ｽ魹ｽ魹ｽ魹ｽ魹ｽ魹ｽ魹ｽ魹ｽ魹ｽ魹ｽ魹ｽ魹ｽ豬･魹ｽ魹ｽﾆｱ魹ｽﾝｵﾈ｣魹ｽ魹ｽ魹ｽ魹ｽ魹ｽ魹ｽ魹ｽ魹ｽ魹ｽﾖｵ魹ｽ魹ｽﾈｨﾖ､魹ｽ魹ｽﾏ｢魹ｽ魹ｽ魹ｽ魹ｽ魹ｽ魹ｽﾈｨ魹ｽ魹ｽ魹ｽ魹ｽ魹ｽ魹ｽﾜｷ魹ｽﾊｽ魹ｽ魹ｽ
2魹ｽ魹ｽ魹ｽ魹ｽ魹ｽ魹ｽ魹ｽﾅｹ魹ｽ魹ｽ魹ｽ魹ｽ魹ｽ魹ｽ魹ｽ魹ｽ魹ｽ魹ｽﾈｹ魹ｽ魹ｽ魹ｽ魹ｽ魹ｽ魹ｽ魹ｽ魹ｽ魹ｽ魹ｽ魹ｽ魹ｽ魹ｽ魹ｽﾑｺﾆｷ魹ｽ魹ｽﾏ｢魹ｽ魹ｽ魹ｽ魹ｽ魹ｽ魹ｽ魹ｽﾅｶ魹ｽﾈｲ魹ｽ魹ｽ魹ｽ魹ｽ魹ｽ魹ｽ魹ｽ魹ｽ魹ｽ魹ｽ魹ｽ魹ｽ
3魹ｽ魹ｽﾖｧ魹ｽ魹ｽﾑｺﾆｷ魹ｽ魹ｽ筍｢魹ｽ魹ｽ魹ｽ魹ｽ魹ｽ魹ｽ魹ｽﾑｺ魹ｽ魹ｽﾈｫ魹ｽ魹ｽ魹ｽ魹ｽ魹ｽ魹ｽ魹ｽﾚｹ魹ｽ魹ｽ魹ｽ
4魹ｽ魹ｽﾎｪ魹ｽ魹ｽ魹ｽ魹ｽ魹ｽ魹ｽ魹ｽ魹ｽ魹ｽﾔ､魹ｽ魹ｽ魹ｽ魹ｽ魹ｽ魹ｽ盪ｩﾑｺﾆｷ魹ｽ魹ｽ魹ｽﾕｼ魹ｽ魹ｽ魹ｽ魹ｽ魹ｽ魹ｽ魹ｽ魹ｽ魹ｽ"
24,魹ｽﾅｿ魹ｽ魹ｽ魹ｽ魹ｽ魹ｽ魹ｽ魹ｽ魹ｽ魹ｽ魹ｽﾋ｣魹ｽ,魹ｽﾅｿ魹ｽﾖｸ魹ｽ魹ｽﾖｴ魹ｽ魹ｽ魹ｽ魹ｽ魹ｽ魹ｽ魹ｽ魹ｽﾖｧ魹ｽ魹ｽ,"1魹ｽ魹ｽ魹ｽ魹ｽ魹ｽ魹ｽ魹ｽ魹ｽ魹ｽ魹ｽ魹ｽ魹ｽ魹ｽ魹ｽ魹ｽ魹ｽ魹ｽﾚｲ魹ｽ魹ｽ魹ｽ魹ｽ魹ｽ魹ｽﾄｷﾅｿ魹ｽﾖｸ魹ｽ詝ｬ魹ｽﾔｷﾅｿ魹ｽﾒｪ魹ｽﾘｽ魹ｽ魹ｽ魹ｽﾐ｣魹ｽ鬟ｨ魹ｽ魹ｽﾍｬ魹ｽ魹ｽ魹ｽ魹ｽﾈ｡魹ｽ魹ｽ魹ｽ魹ｽ魹ｽ魹ｽ魹ｽﾐｧ魹ｽﾔｵﾈ｣魹ｽ
2魹ｽ魹ｽﾖｧ魹ｽ魹ｽ魹ｽ魹ｽ魹ｽ魹ｽ魹ｽﾅｿ魹ｽ魹ｽ魹ｽ魹ｽ魹ｽ魹ｽ魹ｽﾖｧ魹ｽ魹ｽ魹ｽ魹ｽ魹ｽ犁｡魹ｽ魹ｽ魹ｽ魹ｽ魹ｽ魹ｽ魹ｽ魹ｽﾖｧ魹ｽ魹ｽﾊｱ魹ｽ魹ｽ魹ｽﾕｿ賡ｽ魹ｽ魹ｽﾏ｢魹ｽ魹ｽﾖｧ魹ｽ魹ｽﾂｷ魹ｽ魹ｽ魹ｽ魹ｽ魹ｽ魹ｽﾐ｣魹ｽ魹ｽ
3魹ｽ魹ｽ魹ｽ魹ｽ魹ｽ魹ｽ魹ｽﾏｵﾍｳ/魹ｽ魹ｽ魹ｽ魹ｽﾏｵﾍｳ魹ｽﾔｽﾓ｣魹ｽ魹ｽ魹ｽﾘｷﾅｿ贛ｻ魹ｽ魹ｽ魹ｽ魹ｽ魹ｽ魹ｽ魹ｽ魹ｽ魹ｽ魹ｽ
4魹ｽ魹ｽ魹ｽ魹ｽ魹ｽ魹ｽ魹ｽﾅｹ魹ｽ魹ｽ魹ｽ魹ｽ魹ｽ魹ｽ魹ｽ魹ｽ魹ｽ魹ｽﾈｹ魹ｽ魹ｽ魹ｽ魹ｽ魹ｽ魹ｽ魹ｽ魹ｽ魹ｽ魹ｽ魹ｽ魹ｽ魹ｽ魹ｽ魹ｽ魹ｽ魹ｽ魹ｽ魹ｽ魹ｽ魹ｽ魹ｽ魹ｽ魹ｽ魹ｽ魹ｽ魹ｽ魹ｽ魹ｽﾗｴﾌｬ魹ｽ魹ｽ魹ｽ魹ｽﾕｼ魹ｽ魹ｽ"
25,魹ｽ魹ｽ魹ｽ魹ｽ魹ｽ魹ｽ魹ｽ魹ｽ魹ｽ魹ｽ魹ｽ魹ｽ魹ｽﾋ｣魹ｽ,魹ｽ魹ｽ魹ｽ魹ｽﾖｸ魹ｽ豉ｦ魹ｽ魹ｽ魹ｽ魹ｽ魹ｽ魹ｽ魹ｽ魹ｽﾔｽ魹ｽ,"1魹ｽ魹ｽ魹ｽ魹ｽ魹ｽﾕｿﾍｻ魹ｽ魹ｽ魹ｽ魹ｽ魹ｽﾚｲ魹ｽﾏｵﾍｳ魹ｽ魹ｽ魹ｽ魹ｽﾄｻ魹ｽ魹ｽ魹ｽﾖｸ魹ｽ詝ｨ魹ｽ魹ｽ魹ｽ魹ｽ魹ｽ魹ｽ魹ｽ詇｢魹ｽ魹ｽﾇｰ魹ｽ魹ｽ魹ｽ詇｢魹ｽ魹ｽ魹ｽﾚｻ魹ｽ魹ｽ魹ｽﾈ｣魹ｽ
2魹ｽ魹ｽ魹ｽ魹ｽ魹ｽ魹ｽ魹ｽﾏｵﾍｳ/魹ｽ魹ｽ魹ｽ魹ｽﾏｵﾍｳ魹ｽﾔｽﾓ｣魹ｽ魹ｽ魹ｽﾉｻ魹ｽ魹ｽ魹ｽ魹ｽ魹ｽ魹ｽﾋ｡魹ｽ魹ｽ魹ｽﾏ｢魹ｽ魹ｽ魹ｽ魹ｽﾃｽ魹ｽ魹ｽ罍｢魹ｽ魹ｽﾏ｢魹ｽ魹ｽ魹ｽ魹ｽ魹ｽ
3魹ｽ魹ｽ魹ｽ魹ｽ魹ｽ魹ｽ魹ｽ魹ｽ魹ｽﾅｹ魹ｽ魹ｽ魹ｽ魹ｽ魹ｽ魹ｽ魹ｽﾐｵ魹ｽ魹ｽ魹ｽ魹ｽ魹ｽﾗｴﾌｬ魹ｽ欞ｹ魹ｽ魹ｽﾆｻ魹ｽﾖｴ魹ｽ魹ｽ魹ｽ魹ｽ魹ｽ"
26,魹ｽ魹ｽ魹ｽ魹ｽ魹ｽ魹ｽ,魹ｽ魹ｽ魹ｽ魹ｽ魹ｽ魹ｽ魹ｽ魹ｽ魹ｽ魹ｽ魹ｽ魹ｽ魹ｽﾖｾ魹ｽ魹ｽ魹ｽﾖｴ魹ｽ魹ｽ,"1魹ｽ魹ｽ魹ｽ魹ｽ魹ｽ魹ｽ魹ｽ魹ｽ魹ｽ魹ｽ魹ｽ魹ｽﾈｨﾗｼ魹ｽ槩｢ﾔ､魹ｽ魹ｽ魹ｽﾅ｡魹ｽ魹ｽ魹ｽ魹ｽ魹ｽﾗｼ魹ｽ槩｢魹ｽ魹ｽ魹ｽ魹ｽﾒｻ魹ｽ魹ｽ魹ｽ魹ｽﾇｰ魹ｽ魹ｽﾘ｡魹ｽﾇｩﾔｼﾇｰ魹ｽ魹ｽﾘ｡魹ｽ魹ｽ魹ｽ詇｢魹ｽﾅｿ魹ｽﾇｰ魹ｽ魹ｽﾘｵﾈｸ魹ｽ魹ｽ魹ｽ魹ｽ魹ｽ魹ｽ魹ｽﾖｴ魹ｽ魹ｽ
2魹ｽ魹ｽﾖｧ魹ｽﾖｶ魹ｽ魹ｽﾖｹ魹ｽ魹ｽ魹ｽ魹ｽ魹ｽ魹ｽﾍ｣魹ｽ魹ｽ魹ｽ魹ｽ魹ｽ魹ｽ魹ｽ魹ｽ魹ｽ魹ｽﾖｿ魹ｽ魹ｽ魹ｽ魹ｽ魹ｽ魹ｽ魹ｽ魹ｽ魹ｽ魹ｽ魹ｽ魹ｽ魹ｽ魹ｽ魹ｽﾑｧﾏｰﾄ｣魹ｽﾍｵﾈ｣魹ｽ魹ｽﾉｰ魹ｽ魹ｽ魹ｽﾆｷ + ﾒｵ魹ｽ魹ｽﾗｶ魹ｽ魹ｽ魹ｽ魹ｽ魹ｽ
3魹ｽ魹ｽ魹ｽ魹ｽ魹ｽ魹ｽ魹ｽ魹ｽ魹ｽ魹ｽ魹ｽ箚ｿ魹ｽ魹ｽ魹ｽﾝｹ魹ｽ魹ｽ魹ｽ魹ｽ魹ｽ魹ｽ魹ｽ魹ｽ魹ｽ魹ｽ魹ｽ魹ｽ魹ｽ魹ｽ魹ｽ魹ｽ魹ｽ魹ｽ魹ｽ魹ｽ魹ｽ魹ｽ魹ｽﾈｹ魹ｽ魹ｽ魹ｽ魹ｽ魹ｽ魹ｽ魹ｽ魹ｽﾐｭﾍｬ魹ｽ魹ｽ魹ｽﾔｿﾍｻ魹ｽ魹ｽ魹ｽ魹ｽ魹ｽ魹ｽﾗｽ魹ｽ魹ｽﾐｷ魹ｽ魹ｽ魹ｽ魹ｽ魹ｽ魹ｽ魹ｽ
4魹ｽ魹ｽ魹ｽ魹ｽ魹ｽﾍｨ魹ｽ魹ｽ/魹ｽﾜｾ魹ｽ/ﾗｪ魹ｽﾋｹ魹ｽ魹ｽﾈｽ魹ｽ魹ｽ魹ｽ魹ｽﾔｼ魹ｽ魹ｽ魹ｽ魹ｽﾕｱ魹ｽﾇｩ魹ｽ魹ｽﾎｪ魹ｽ魹ｽ魹ｽ魹ｽ魹ｽ魹ｽ魹ｽ魹ｽ魹ｽ魹ｽ魹ｽ魹ｽ魹ｽ魹ｽ魹ｽ魹ｽ/魹ｽ魹ｽ魹ｽ魹ｽ魹ｽ魹ｽ魹ｽ魹ｽ魹ｽ魹ｽ魹ｽ魹ｽ魹ｽ魹ｽ魹ｽ/魹ｽ魹ｽ魹ｽﾅｹ魹ｽ魹ｽ魹ｽ魹ｽ魹ｽ魹ｽ魹ｽ盪ｩ魹ｽ魹ｽ魹ｽﾟｽ魹ｽ魹ｽ"
27,魹ｽ魹ｽ魹ｽ魹ｽ魹ｽ魹ｽ魹ｽ魹ｽ魹ｽ魹ｽ魹ｽ魹ｽ,魹ｽ魹ｽ魹ｽﾊｶ魹ｽ魹ｽﾛ｡魹ｽ魹ｽ魹ｽ魹ｽﾃｼ魹ｽ魹ｽ魹ｽ魹ｽ魹ｽ魹ｽ魹ｽ魹ｽ,"1魹ｽ魹ｽﾎｬ魹ｽ魹ｽ魹ｽ魹ｽﾆｷ魹ｽ魹ｽ魹ｽﾊ｡魹ｽ魹ｽ魹ｽ魹ｽﾊ｡魹ｽ魹ｽ魹ｽ魹ｽ魹ｽ魹ｽ魹ｽﾄｿ魹ｽ魹ｽ魹ｽﾆｷﾑｷ魹ｽﾊｽ魹ｽ魹ｽﾖｧ魹ｽﾖｰ魹ｽ魹ｽﾍｻ魹ｽ魹ｽ魹ｽ魹ｽ魹ｽﾆｷ魹ｽ魹ｽ魹ｽ魹ｽ魹ｽ魹ｽ魹ｽ魹ｽﾓｪ魹ｽ魹ｽ魹ｽ魹ｽ魹ｽ魹ｽ魹ｽ魹ｽﾎｬ魹ｽﾈｲ魹ｽ魹ｽ璐ｯ魹ｽ魹ｽ魹ｽ魹ｽ
2魹ｽ魹ｽ魹ｽ魹ｽ魹ｽ魹ｽ魹ｽ魹ｽ魹ｽ魹ｽ魹ｽ魹ｽ魹ｽ魹ｽ魹ｽ魹ｽ魹ｽ魹ｽ魹ｽ魹ｽ魹ｽ槩｢魹ｽ魹ｽﾍｬ魹ｽ魹ｽ魹ｽﾉｵﾈｻ魹ｽ魹ｽ魹ｽ魹ｽ盪ｩ魹ｽ魹ｽ魹ｽ魹ｽ魹ｽ魹ｽ魹ｽ魹ｽ魹ｽ魹ｽ魹ｽ魹ｽ魹ｽ魹ｽ魹ｽ魹ｽ魹ｽﾐｴ魹ｽ魹ｽ魹ｽﾍｬ魹ｽ魹ｽ魹ｽ魹ｽ魹ｽﾅｼ魹ｽﾂｼ
3魹ｽ魹ｽﾖｧ魹ｽ魹ｽ魹ｽ魹ｽ魹ｽ魹ｽ/魹ｽ魹ｽ魹ｽﾃｵ魹ｽ魹ｽ魹ｽﾒｵ魹ｽ魹ｽ魹ｽ魹ｽ魹ｽ魹ｽ魹ｽ魹ｽﾅｹ魹ｽ魹ｽ魹ｽ魹ｽ魹ｽ魹ｽ魹ｽ魹ｽ魹ｽ魹ｽ魹ｽ/魹ｽ魹ｽ魹ｽ魹ｽ魹ｽ魹ｽ魹ｽ魹ｽ魹ｽ魹ｽ魹ｽ魹ｽﾐｷ魹ｽ魹ｽ魹ｽ魹ｽ魹ｽ魹ｽ魹ｽ魹ｽ魹ｽ魹ｽ魹ｽﾐｧ
4魹ｽ魹ｽﾎｪ魹ｽ魹ｽ魹ｽ魹ｽ魹ｽ魹ｽ魹ｽ魹ｽ魹ｽ魹ｽ魹ｽ魹ｽ魹ｽﾏ｢魹ｽ魹ｽ魹ｽ魹ｽ魹ｽ魹ｽﾖｽ筍｢魹ｽ魹ｽ魹ｽ魹ｽﾌｯ魹ｽ魹ｽ魹ｽ盪ｩ魹ｽ魹ｽ魹ｽ魹ｽ魹ｽ魹ｽ魹ｽ魹ｽﾃｲ魹ｽ魹ｽ魹ｽ"
28,魹ｽ魹ｽ魹ｽ魹ｽ魹ｽ魹ｽ魹ｽ魹ｽ魹ｽ,魹ｽ魹ｽ魹ｽ魹ｽ魹ｽ魹ｽﾒｵ魹ｽ櫤ｨﾊｱ魹ｽ魹ｽ魹ｽ魹ｽ,"1魹ｽ魹ｽ魹ｽ魹ｽ魹ｽ魹ｽ魹ｽ魹ｽ魹ｽ魹ｽ魹ｽ魹ｽ魹ｽﾝｴ魹ｽ魹ｽ魹ｽ魹ｽ魹ｽ魹ｽ魹ｽ魹ｽ魹ｽ魹ｽ魹ｽ魹ｽ魹ｽﾔ､魹ｽ魹ｽ魹ｽﾅｼ魹ｽ魹ｽ罍｢魹ｽ魹ｽ魹ｽ魹ｽ魹ｽ魹ｽﾈｵ魹ｽ魹ｽ魹ｽ/魹ｽ魹ｽ魹ｽ魹ｽ魹ｽ魹ｽ魹ｽ魹ｽ魹ｽ魹ｽ魹ｽ魹ｽ魹ｽ魹ｽﾗｼ魹ｽ魹ｽ魹ｽ魹ｽ魹ｽ魹ｽ魹ｽ魹ｽ魹ｽ魹ｽ魹ｽﾋｵ魹ｽ
2魹ｽ魹ｽﾖｧ魹ｽ魹ｽ魹ｽ魹ｽﾓｪ魹ｽ魹ｽ魹ｽ魹ｽ魹ｽ魹ｽ魹ｽ魹ｽ魹ｽ魹ｽ魹ｽ魹ｽ魹ｽ魹ｽ魹ｽ魹ｽ魹ｽ魹ｽ魹ｽ魹ｽ魹ｽ魹ｽﾚｶ魹ｽﾄｿ魹ｽ魹ｽﾍｻ魹ｽﾈｺ魹ｽ魹ｽ魹ｽ魹ｽﾔ､魹ｽ魹ｽ魹ｽﾅｻ魹ｽﾓｪ魹ｽ魹ｽ魹ｽ魹ｽ魹ｽ魹ｽ魹ｽﾂｷ魹ｽ
3魹ｽ魹ｽﾖｧ魹ｽﾖｶ魹ｽ魹ｽ魹ｽ魹ｽ魹ｽ魹ｽ魹ｽ魹ｽ箚ｿ魹ｽ魹ｽ魹ｽﾝｹ魹ｽ魹ｽ魹ｽ魹ｽ魹ｽ魹ｽ魹ｽ魹ｽ魹ｽ魹ｽ魹ｽﾝｽ魹ｽ魹ｽ魹ｽ魹ｽ魹ｽ魹ｽ魹ｽ魹ｽ魹ｽ魹ｽﾂｻ魹ｽ魹ｽ魹ｽﾏｴ
4魹ｽ魹ｽ魹ｽ盪ｩ魹ｽ魹ｽ魹ｽ魹ｽ魹ｽ魹ｽﾈ｡魹ｽ魹ｽ魹ｽﾘ｡魹ｽ魹ｽ貔ｯ魹ｽ魹ｽ魹ｽ魹ｽ"
29,魹ｽ魹ｽ魹ｽ魹ｽ魹ｽ魹ｽ魹ｽ箚ｿ魹ｽ魹ｽ魹ｽﾝｹ魹ｽ魹ｽ魹ｽ魹ｽ魹ｽ魹ｽ,魹ｽ魹ｽ魹ｽ魹ｽ魹ｽ魹ｽ魹ｽﾔｴ魹ｽ箚ｿ魹ｽ魹ｽ魹ｽﾝｽ魹ｽ魹ｽ魹ｽ魹ｽ魹ｽ魹ｽ魹ｽ魹ｽ,"1魹ｽ魹ｽﾍｳﾒｻ魹ｽ魹ｽ魹ｽ魹ｽ魹ｽ魹ｽ魹ｽ魹ｽ魹ｽ魹ｽ魹ｽ魹ｽ魹ｽﾅ｡魹ｽ魹ｽ魹ｽ魹ｽ魹ｽ魹ｽ魹ｽﾋｰ魹ｽ魹ｽ魹ｽ魹ｽ魹ｽﾉ｡魹ｽﾋｾ魹ｽ魹ｽ魹ｽ魹ｽ魹ｽ魹ｽ魹ｽﾌ｡魹ｽ魹ｽ邀｣魹ｽ魹ｽ魹ｽ魹ｽ魹ｽ魹ｽ魹ｽ㝡｢ｵ魹ｽ魹ｽ魹ｽ魹ｽ魹ｽ魹ｽ魹ｽ魹ｽ魹ｽ魹ｽ魹ｽ魹ｽﾖｵ魹ｽ魹ｽ箚ｿ魹ｽ魹ｽ魹ｽ魹ｽﾔｴ魹ｽﾄｶﾔｽ魹ｽ
2魹ｽ魹ｽ魹ｽ盪ｩ魹ｽ魹ｽ魹ｽ魹ｽﾊｵﾊｱ魹ｽ魹ｽﾑｯ魹ｽ魹ｽ魹ｽ魹ｽ魹ｽ魹ｽ魹ｽ魹ｽﾑｯ魹ｽ魹ｽ魹ｽ魹ｽ魹ｽ魹ｽ魹ｽ魹ｽ魹ｽ魹ｽ魹ｽ魹ｽ魹ｽ魹ｽﾈｨﾆｾﾖ､魹ｽ魹ｽ魹ｽ魹ｽ魹ｽ魹ｽ魹ｽ魹ｽﾖｾ魹ｽ魹ｽ魹ｽ魹ｽ魹ｽﾝｻ魹ｽ魹ｽ魹ｽ
3魹ｽ魹ｽﾎｪ魹ｽ魹ｽ魹ｽ魹ｽ魹ｽ魹ｽ魹ｽ魹ｽﾔ､魹ｽ魹ｽ魹ｽ魹ｽ魹ｽ魹ｽ魹ｽ魹ｽ魹ｽ魹ｽ魹ｽ魹ｽ魹ｽ魹ｽ魹ｽ魹ｽ魹ｽ魹ｽ魹ｽ魹ｽ魹ｽ魹ｽ魹ｽ魹ｽ魹ｽ魹ｽ魹ｽ魹ｽ魹ｽ魹ｽ魹ｽ魹ｽ魹ｽ魹ｽ魹ｽ盪ｩ魹ｽ魹ｽﾗｼ魹ｽ魹ｽ魹ｽ魹ｽ魹ｽﾝｷ魹ｽ魹ｽ魹ｽ
4魹ｽ魹ｽﾖｧ魹ｽ魹ｽ魹ｽ箚ｿﾆｽﾌｨ魹ｽ魹ｽ魹ｽﾍｰ魹ｽ魹ｽ魹ｽ魹ｽ魹ｽ魹ｽ魹ｽ魹ｽﾍｻ魹ｽ魹ｽ魹ｽﾏ｢魹ｽ魹ｽﾒｵ魹ｽ魹ｽﾗｴﾌｬ魹ｽ魹ｽ魹ｽ魹ｽ魹ｽ魹ｽ魹ｽ魹ｽﾗｪ魹ｽ魹ｽﾎｪ魹ｽﾚｲ魹ｽ魹ｽ魹ｽ魹ｽ魹ｽ魹ｽ魹ｽ魹ｽﾝ｣魹ｽ魹ｽ魹ｽﾔ､魹ｽ魹ｽ魹ｽ魹ｽ魹ｽ魹ｽ魹ｽ魹ｽ魹ｽ魹ｽ魹ｽﾍｻ魹ｽ魹ｽﾔｶ魹ｽ魹ｽ魹ｽ魹ｽ魹ｽ魹ｽﾈ｣魹ｽ"
30,魹ｽ魹ｽ魹ｽ魹ｽ魹ｽ魹ｽ/魹ｽ魹ｽ魹ｽ魹ｽ魹ｽ魹ｽ魹ｽ魹ｽ魹ｽ,魹ｽ魹ｽ魹ｽﾌｱ魹ｽ魹ｽ魹ｽ魹ｽ魹ｽ魹ｽ魹ｽ魹ｽ魹ｽ魹ｽ魹ｽ魹ｽ魹ｽ,"1魹ｽ魹ｽ魹ｽ魹ｽ魹ｽ魹ｽ魹ｽﾖｴ魹ｽﾐｽ魹ｽ魹ｽ魹ｽ魹ｽ魹ｽ魹ｽﾂｷ魹ｽ魹ｽ魹ｽ魹ｽ魹ｽﾌ｣魹ｽﾖｱﾍｨﾇｩﾔｼ魹ｽ魹ｽﾗｪ魹ｽﾋｹ魹ｽ魹ｽ魹ｽ魹ｽ魹ｽﾒｻ魹ｽ魹ｽ魹ｽ魹ｽ魹ｽﾋｹ魹ｽ魹ｽ魹ｽ魹ｽ魹ｽ魹ｽﾈ｣魹ｽ魹ｽﾔｼ魹ｽ魹ｽ魹ｽ魹ｽ魹ｽ魹ｽ魹ｽ魹ｽﾌ｣魹ｽ魹ｽ狆ｶ魹ｽ魹ｽ魹ｽ魹ｽ魹ｽ魹ｽ魹ｽ魹ｽﾇｩ魹ｽ魹ｽﾗｪﾇｩ魹ｽ魹ｽ魹ｽﾋｻﾘ｡魹ｽ魹ｽ魹ｽﾊｱ魹ｽﾈ｣魹ｽ
2魹ｽ魹ｽ魹ｽﾚｽﾚｵ魹ｽ魹ｽ魹ｽ魹ｽﾊｱ魹ｽﾘｵ魹ｽ魹ｽ魹ｽ魹ｽ魹ｽ魹ｽ魹ｽ魹ｽ魹ｽ魹ｽ魹ｽ魹ｽ魹ｽ魹ｽ魹ｽ魹ｽ魹ｽﾅｹ魹ｽ魹ｽ魹ｽ魹ｽ魹ｽ魹ｽ魹ｽﾈｸ魹ｽ魹ｽ魹ｽﾗｴﾌｬ魹ｽ魹ｽ魹ｽ魹ｽ魹ｽ魹ｽ魹ｽ魹ｽ魹ｽ魹ｽ魹ｽ魹ｽ魹ｽ魹ｽ魹ｽ魹ｽﾒｻ魹ｽ魹ｽ魹ｽ㖦｢ｺ魹ｽﾍｬ魹ｽ魹ｽﾇｩﾔｼ魹ｽ魹ｽ魹ｽ魹ｽ
3魹ｽ魹ｽﾖｧ魹ｽ魹ｽ魹ｽ魹ｽ魹ｽﾊｵ魹ｽ魹ｽ魹ｽ魹ｽ魹ｽ魹ｽ魹ｽﾈｵ魹ｽ魹ｽ魹ｽ魹ｽ魹ｽ魹ｽ魹ｽﾈｼ魹ｽ魹ｽ魹ｽ魹ｽﾒｵ魹ｽ魹ｽ魹ｽ魹ｽ魹ｽ魹ｽ魹ｽ魹ｽ魹ｽ
4魹ｽ魹ｽ魹ｽ盪ｩ魹ｽ魹ｽ魹ｽﾌｼ魹ｽﾘ｡魹ｽ魹ｽ魹ｽ魹ｽ魹ｽ魹ｽ魹ｽ魹ｽ魹ｽ魹ｽ魹ｽ魹ｽ魹ｽ魹ｽ魹ｽﾂｼ魹ｽ魹ｽ魹ｽ魹ｽ魹ｽ魹ｽ魹ｽ魹ｽﾆｵ魹ｽ魹ｽ魹ｽ魹ｽ魹ｽ"
31,魹ｽ魹ｽ魹ｽ魹ｽ魹ｽ魹ｽ魹ｽ/ﾔ､魹ｽ魹ｽ魹ｽ魹ｽ魹ｽ,魹ｽ魹ｽ魹ｽ魹ｽ魹ｽ魹ｽ魹ｽ魹ｽ魹ｽ魹ｽ魹ｽﾔ､魹ｽ魹ｽ,"1魹ｽ魹ｽ魹ｽ魹ｽﾘｴ魹ｽ魹ｽ魹ｽ魹ｽﾋｻ魹ｽ魹ｽﾄｻ魹ｽ魹ｽ魹ｽ魹ｽ魹ｽﾎｪ魹ｽ魹ｽ魹ｽﾋｻ魹ｽ魹ｽ瑭｣魹ｽ魹ｽﾑｺﾆｷ魹ｽ魹ｽﾖｵ魹ｽ莉ｯ魹ｽﾈ｣魹ｽ魹ｽ魹ｽ魹ｽ魹ｽ箚ｿ魹ｽ魹ｽ魹ｽﾝｶﾔｿﾍｻ魹ｽ魹ｽ魹ｽ魹ｽﾐｷ魹ｽ魹ｽﾕｼ魹ｽ魹ｽ
2魹ｽ魹ｽ魹ｽ魹ｽ魹ｽ魹ｽﾔ､魹ｽ魹ｽ魹ｽ魹ｽ魹ｽ魹ｽ魹ｽ魹ｽ魹ｽﾉｴ魹ｽ魹ｽ魹ｽ魹ｽ魹ｽ魹ｽ魹ｽ魹ｽ魹ｽ魹ｽﾔ､魹ｽ魹ｽ魹ｽ魹ｽ魹ｽ魹ｽ魹ｽ魹ｽ魹ｽﾂｷ魹ｽ魹ｽ魹ｽ魹ｽﾍｻ魹ｽ魹ｽ魹ｽ魹ｽ魹ｽ魹ｽ魹ｽﾗｨﾖｰ魹ｽ魹ｽ魹ｽ魹ｽ魹ｽﾅｶﾓｴ魹ｽ魹ｽ魹ｽ
3魹ｽ魹ｽ魹ｽ魹ｽﾂｼ魹ｽ魹ｽ魹ｽ魹ｽ魹ｽ魹ｽ魹ｽ魹ｽ魹ｽ魹ｽ魹ｽ魹ｽ魹ｽﾃｴ魹ｽﾊｩ魹ｽ魹ｽ魹ｽ魹ｽ魹ｽ魹ｽ魹ｽ魹ｽ魹ｽ魹ｽ魹ｽ魹ｽ魹ｽ魹ｽ魹ｽ魹ｽ魹ｽﾅｹ魹ｽ魹ｽ魹ｽ魹ｽ魹ｽ魹ｽ魹ｽﾈｹ魹ｽ魹ｽ魹ｽ魹ｽ魹ｽ魹ｽﾐｭﾍｬ魹ｽ魹ｽ魹ｽﾐｷ魹ｽ魹ｽﾕｻ魹ｽ魹ｽﾍ｣魹ｽ魹ｽ魹ｽ魹ｽﾂｵ魹ｽ魹ｽ魹ｽﾈ｡魹ｽ魹ｽﾕｽ魹ｽﾗｼ魹ｽ槵ｩ
4魹ｽ魹ｽﾎｪ魹ｽ魹ｽﾜｱ魹ｽ魹ｽ魹ｽ魹ｽ魹ｽ魹ｽﾚｲ魹ｽ魹ｽ魹ｽ魹ｽ魹ｽ魹ｽ盪ｩ魹ｽ魹ｽ魹ｽ魹ｽ魹ｽ魹ｽ魹ｽ魹ｽ魹ｽ魹ｽ魹ｽ"
32,魹ｽ魹ｽﾜｱ魹ｽ魹ｽ魹ｽ魹ｽ檉ｨ魹ｽ魹ｽ魹ｽ魹ｽ魹ｽ,魹ｽ魹ｽﾜｱ魹ｽ魹ｽ魹ｽ魹ｽ歆ｭﾓｪ魹ｽ魹ｽ魹ｽ魹ｽ魹ｽ魹ｽ魹ｽ魹ｽ,"1魹ｽ魹ｽ魹ｽ魹ｽ魹ｽﾝｼ魹ｽ魹ｽﾒｪ魹ｽ魹ｽ魹ｽ魹ｽ魹ｽﾉｸ魹ｽ魹ｽ魹ｽ魹ｽﾜｱ魹ｽ魹ｽ魹ｽ魹ｽ魹ｽ魹ｽ魹ｽ魹ｽ魹ｽ魹ｽ魹ｽ蠑ｶ魹ｽ魹ｽ魹ｽ爍｢魹ｽ魹ｽ魹ｽﾐｶﾈ｡魹ｽ魹ｽ魹ｽﾅｩ魹ｽ魹ｽﾐ｡ﾎ｢魹ｽﾈ｣魹ｽ魹ｽ魹ｽ魹ｽ魹ｽﾖｧ魹ｽ魹ｽ魹ｽ魹ｽ魹ｽﾟｱ魹ｽ魹ｽﾍｻ魹ｽ魹ｽﾄｼ魹ｽ魹ｽ魹ｽ魹ｽ
2魹ｽ魹ｽ魹ｽ盪ｩ魹ｽ魹ｽﾇｰ魹ｽ魹ｽ魹ｽ魹ｽ魹ｽﾐ｡魹ｽ魹ｽ魹ｽ魹ｽ魹ｽ魹ｽﾎｬ魹ｽﾈｾ魹ｽﾓｪ魹ｽ魹ｽ魹ｽ魹ｽ魹ｽ魹ｽ魹ｽ魹ｽ魹ｽ魹ｽﾎｪ魹ｽ魹ｽ魹ｽ魹ｽ魹ｽ魹ｽ魹ｽ魹ｽ魹ｽ魹ｽ盪ｩﾖｧ魹ｽ魹ｽ
3魹ｽ魹ｽ魹ｽﾓｿﾍｻ魹ｽ魹ｽ魹ｽ魹ｽ魹ｽ魹ｽ魹ｽ魹ｽ魹ｽ魹ｽﾅｹ魹ｽ魹ｽ魹ｽ魹ｽ魹ｽ魹ｽ魹ｽ魹ｽﾅｹ魹ｽ魹ｽ魹ｽ魹ｽ魹ｽ魹ｽ魹ｽﾈｹ魹ｽ魹ｽ魹ｽ魹ｽ魹ｽ魹ｽ魹ｽ魹ｽ魹ｽ魹ｽ魹ｽ魹ｽ魹ｽ魹ｽ魹ｽ魹ｽﾈｴ魹ｽ魹ｽ魹ｽ魹ｽ魹ｽ魹ｽ魹ｽ魹ｽﾝ｣魹ｽ魹ｽﾎｳ魹ｽﾍｳﾒｻ魹ｽ魹ｽ魹ｽﾝｳ魹ｽ魹ｽ魹ｽ
4魹ｽ魹ｽﾖｧ魹ｽﾖｶ魹ｽﾊｱ魹ｽ魹ｽ魹ｽ魹ｽ魹ｽ魹ｽ魹ｽ魹ｽﾊｱ魹ｽ魹ｽ魹ｽ魹ｽ魹ｽ魹ｽ魹ｽ魹ｽ魹ｽ魹ｽ魹ｽﾃ｣魹ｽ魹ｽﾔｼ魹ｽ魹ｽ魹ｽ魹ｽ魹ｽ魹ｽ豎ｾ魹ｽ魹ｽ魹ｽ魹ｽ"
33,魹ｽ魹ｽ魹ｽ魹ｽ魹ｽ魹ｽ魹ｽ魹ｽ魹ｽ魹ｽ魹ｽ,魹ｽ魹ｽ魹ｽ魹ｽ魹ｽ魹ｽ/魹ｽ魹ｽ魹ｽ魹ｽ魹ｽ魹ｽ魹ｽ魹ｽ魹ｽ魹ｽ魹ｽ魹ｽ魹ｽ魹ｽ魹ｽ魹ｽ魹ｽ魹ｽ魹ｽ,"1魹ｽ魹ｽﾍｳﾒｻﾎｬ魹ｽ魹ｽ魹ｽ魹ｽ魹ｽ魹ｽ魹ｽ魹ｽ魹ｽ魹ｽ魹ｽ/魹ｽ魹ｽ魹ｽ魹ｽ魹ｽ魹ｽ魹ｽ魹ｽ魹ｽ魹ｽ魹ｽﾆｷﾗｼ魹ｽ魹ｽ魹ｽ魹ｽ魹ｽ魹ｽ魹ｽ魹ｽ魹ｽﾓｪ魹ｽ魹ｽ魹ｽ魹ｽ魹ｽ魹ｽ魹ｽ魹ｽ魹ｽ魹ｽ魹ｽ魹ｽ/ﾋｰ魹ｽ魹ｽﾆｽﾌｨ魹ｽ魹ｽ魹ｽ魹ｽ魹ｽ魹ｽ魹ｽ魹ｽ魹ｽﾈ｣魹ｽ魹ｽ魹ｽﾖｧ魹ｽﾖｰ魹ｽ魹ｽ魹ｽﾆｷ魹ｽ魹ｽ魹ｽ魹ｽ魹ｽ魹ｽ魹ｽ魹ｽ魹ｽﾍｻ魹ｽ魹ｽ魹ｽ魹ｽﾍ｡魹ｽ魹ｽ魹ｽﾔｴ魹ｽ魹ｽﾎｬ魹ｽﾈｹ魹ｽ魹ｽ魹ｽ
2魹ｽ魹ｽ魹ｽ盪ｩ魹ｽ魹ｽ魹ｽ魹ｽ魹ｽ魹ｽﾑｯ魹ｽ魹ｽﾐ｣魹ｽ魹ｽ魹ｽ魹ｽ啊ｬｹ魹ｽﾓｪ魹ｽ魹ｽ魹ｽ魹ｽ魹ｽ魹ｽ魹ｽ魹ｽ魹ｽ魹ｽ魹ｽ魹ｽ魹ｽ魹ｽ魹ｽﾔ､魹ｽ魹ｽ魹ｽ魹ｽ魹ｽ魹ｽ魹ｽ魹ｽ魹ｽ魹ｽ魹ｽ魹ｽ魹ｽ魹ｽ魹ｽ魹ｽ魹ｽ魹ｽ魹ｽ魹ｽ魹ｽ魹ｽ魹ｽﾍｻ魹ｽ魹ｽ魹ｽﾈｨﾗｼ魹ｽ魹ｽ魹ｽ魹ｽ魹ｽ魹ｽ魹ｽ魹ｽ魹ｽ魹ｽ魹ｽ魹ｽ魹ｽ魹ｽ魹ｽ魹ｽ魹ｽ魹ｽ魹ｽ魹ｽ魹ｽﾇｰ/魹ｽ魹ｽﾆｷ魹ｽ魹ｽﾑｯ/魹ｽ魹ｽﾈｨ/魹ｽ魹ｽ魹ｽ魹ｽﾗｼ魹ｽ魹ｽﾈｽﾗｶﾎｵ魹ｽ魹ｽ魹ｽ
3魹ｽ魹ｽﾖｧ魹ｽ魹ｽ魹ｽ魹ｽ魹ｽ魹ｽ魹ｽ魹ｽﾍｻ魹ｽ魹ｽ魹ｽ魹ｽ魹ｽ魹ｽ魹ｽ魹ｽ魹ｽ魹ｽ魹ｽ魹ｽ魹ｽ魹ｽ魹ｽ魹ｽ魹ｽ箚ｿ魹ｽ魹ｽ魹ｽﾝｹ魹ｽ魹ｽ魹ｽ魹ｽ魹ｽ魹ｽﾐｭﾍｬ魹ｽ魹ｽ魹ｽﾉｸ魹ｽ魹ｽ魹ｽ魹ｽ箚ｿﾆｽﾌｨ魹ｽ魹ｽ魹ｽﾍｻ魹ｽ魹ｽ箚ｿ魹ｽ魹ｽ魹ｽﾝｽ魹ｽ魹ｽ魹ｽﾔｶ魹ｽ魹ｽ魹ｽ魹ｽ魹ｽ魹ｽ魹ｽ魹ｽ魹ｽﾗｴﾌｬ魹ｽ魹ｽ魹ｽ魹ｽ魹ｽ魹ｽﾍｻ魹ｽ魹ｽ魹ｽﾇｩ/魹ｽ魹ｽ魹ｽ魹ｽ魹ｽ魹ｽﾗｴﾌｬ魹ｽ魹ｽﾍｨ
4魹ｽ魹ｽﾖｧ魹ｽ魹ｽ魹ｽ魹ｽ魹ｽ魹ｽ魹ｽ魹ｽﾐｧ魹ｽﾚ｡魹ｽ魹ｽ魹ｽﾔｴ魹ｽ魹ｽ魹ｽ魹ｽ魹ｽ魹ｽ魹ｽ魹ｽﾆｵﾈｹ魹ｽ魹ｽ魹ｽ魹ｽ魹ｽ魹ｽ魹ｽ魹ｽ魹ｽﾎｪ魹ｽ魹ｽ魹ｽ魹ｽ魹ｽ魹ｽ魹ｽ魹ｽ魹ｽ魹ｽ魹ｽ魹ｽ魹ｽ魹ｽ魹ｽ魹ｽ魹ｽ盪ｩ魹ｽﾉｿ魹ｽ魹ｽ魹ｽ魹ｽ魹ｽ魹ｽ魹ｽ魹ｽ魹ｽ魹ｽ魹ｽ魹ｽ魹ｽ魹ｽ魹ｽ"
