魹ｽ魹ｽ魹ｽ,魹ｽ魹ｽ魹ｽ魹ｽ魹ｽ魹ｽ魹ｽ,ﾒｵ魹ｽ魹ｽ魹ｽ螢ｨ魹ｽ魹ｽﾒｪ魹ｽ魹ｽ,魹ｽ魹ｽ魹ｽ魹ｽ魹ｽ魹ｽﾜｷ魹ｽﾎｧ
1,魹ｽﾃｻ魹ｽﾗ｢魹ｽ魹ｽ魹ｽ魹ｽ魹ｽ,魹ｽﾍｻ魹ｽﾗ｢魹ｽ癸｢魹ｽ魹ｽ魹ｽﾝｻ魹ｽ魹ｽ魹ｽ魹ｽ魹ｽﾏ｢魹ｽ魹ｽ魹ｽﾍｻ魹ｽ魹ｽ魹ｽﾖ､魹ｽ魹ｽ魹ｽ魹ｽﾂｼ魹ｽ魹ｽﾖ､,"1魹ｽ魹ｽﾖｧ魹ｽﾖｶﾔｹ魹ｽ魹ｽﾍｻ魹ｽﾗ｢魹ｽ癸｢ﾖｧ魹ｽﾖｸ魹ｽ魹ｽﾋｿﾍｻ魹ｽﾗ｢魹ｽ皀ｬ魹ｽﾔｼ魹ｽ魹ｽ魹ｽ魹ｽ魹ｽ魹ｽ魹ｽﾆｽﾌｨ魹ｽﾔｽﾓｽﾓｿ魹ｽﾗ｢魹ｽ皀ｨ魹ｽ魹ｽﾎ｢魹ｽﾅ｡魹ｽ魹ｽ魹ｽ魹ｽ魹ｽ/魹ｽ魹ｽ魹ｽ魹ｽﾆｽﾌｨ魹ｽﾋｺﾅｰ朅ｨ｣魹ｽ
2魹ｽ魹ｽﾗ｢魹ｽ魹ｽ魹ｽ魹ｽﾉｺ魹ｽﾉｸ魹ｽ魹ｽ魹ｽ魹ｽ魹ｽ魹ｽﾃｷ魹ｽ魹ｽ魹ｽ魹ｽ魹ｽ魹ｽ/魹ｽ魹ｽﾒｵﾊｵ魹ｽ魹ｽ魹ｽ魹ｽﾖ､魹ｽ魹ｽ魹ｽﾌ｣魹ｽ魹ｽ魹ｽ魹ｽ魹ｽ魹ｽ魹ｽ魹ｽ魹ｽﾖ､魹ｽ魹ｽ魹ｽ魹ｽ魹ｽﾍｨ
3魹ｽ魹ｽ魹ｽ魹ｽﾗ｢魹ｽ魹ｽﾍｻ魹ｽ魹ｽ魹ｽ魹ｽ魹ｽ魹ｽﾚｵ魹ｽﾂｼ魹ｽ魹ｽ魹ｽ魹ｽﾖｱ魹ｽﾓｵ魹ｽﾂｼ魹ｽ魹ｽ魹ｽ魹ｽ魹ｽ魹ｽ魹ｽ魹ｽ魹ｽ魹ｽ魹ｽ魹ｽ魹ｽ魹ｽ魹ｽ魹ｽ魹ｽ魹ｽﾊｱ魹ｽ魹ｽﾎｴﾗ｢魹ｽ魹ｽﾍｻ魹ｽ魹ｽﾉｵ魹ｽ魹ｽ魹ｽ魹ｽﾈ･ﾗ｢魹ｽ癸ｱ魹ｽ魹ｽﾅ･魹ｽ魹ｽ魹ｽ魹ｽﾗｪ魹ｽ魹ｽﾗ｢魹ｽ魹ｽ魹ｽ魹ｽ魹ｽ魹ｽ魹ｽ魹ｽﾗ｢魹ｽ皀ｬﾗ｢魹ｽ魹ｽ魹ｽ魹ｽﾉｺ魹ｽ魹ｽﾔｶ魹ｽ魹ｽ魹ｽﾗｪ魹ｽﾘｵ魹ｽﾂｼ魹ｽ魹ｽ魹ｽ豐｢魹ｽ魹ｽﾉｵ魹ｽﾂｼ
4魹ｽ魹ｽﾖｧ魹ｽ魹ｽ魹ｽ箚ｿﾒｵ魹ｽ魹ｽ/魹ｽ魹ｽ魹ｽ魹ｽﾆｽﾌｨ魹ｽ魹ｽ魹ｽﾍｿﾍｻ魹ｽ魹ｽ魹ｽﾏ｢ﾊｱ魹ｽ魹ｽ魹ｽ魹ｽ魹ｽ魹ｽ魹ｽ魹ｽ魹ｽ魹ｽ魹ｽﾔｶ魹ｽﾎｪ魹ｽﾍｻ魹ｽ魹ｽ魹ｽ魹ｽ魹ｽ魹ｽﾋｺﾅｲ魹ｽ魹ｽ朅ｨ｣魹ｽ魹ｽﾔｶ魹ｽﾗ｢魹ｽ皀ｩ魹ｽ魹ｽ魹ｽ魹ｽ魹ｽ魹ｽﾚｿﾍｻ魹ｽ魹ｽ魹ｽ魹ｽ魹ｽ魹ｽ魹ｽ魹ｽ魹ｽﾐｽ魹ｽ魹ｽ魹ｽ魹ｽ魹ｽ魹ｽ魹ｽ魹ｽﾍｻ魹ｽ魹ｽﾗｴﾎｵ魹ｽﾂｼ魹ｽ魹ｽ魹ｽ魹ｽ魹ｽﾒｵ魹ｽ魹ｽﾊｱ魹ｽ魹ｽ魹ｽ魹ｽ魹ｽ魹ｽﾋｺﾅｰ魹ｽ"
2,魹ｽﾍｻ魹ｽ魹ｽ魹ｽﾈｨﾗｼ魹ｽ魹ｽ魹ｽ魹ｽ魹ｽ,魹ｽ魹ｽﾈｨ魹ｽ魹ｽﾇｩ魹ｽ魹ｽﾗｼ魹ｽ魹ｽ魹ｽ魹ｽ魹ｽﾐ｣魹ｽ魹ｽ,"1魹ｽ魹ｽﾍｨ魹ｽ魹ｽ魹ｽ魹ｽ魹ｽ魹ｽﾊｶ魹ｽ魹ｽ魹ｽ魹ｽ魹ｽ魹ｽ魹ｽ魹ｽ鯀ｴ魹ｽ魹ｽﾈｨﾐｭ魹ｽ魹ｽ魹ｽ魹ｽﾖ､魹ｽ魹ｽ魹ｽ魹ｽ魹ｽ魹ｽﾖ､魹ｽ槩｢ﾇｩ魹ｽ魹ｽ魹ｽ魹ｽﾈｨﾐｭ魹ｽ魹ｽ魹ｽ魹ｽ魹ｽ魹ｽ魹ｽﾉｿﾍｻ魹ｽ魹ｽ魹ｽ魹ｽ魹ｽ魹ｽ魹ｽ魹ｽ魹ｽ魹ｽﾝｵ魹ｽﾊｹ魹ｽ魹ｽ魹ｽ魹ｽﾈｨ
2魹ｽ魹ｽ魹ｽ魹ｽ魹ｽ魹ｽﾍｬ魹ｽﾄｲ魹ｽﾆｷ魹ｽ魹ｽﾒｵ魹ｽ𠽟ｷｽﾚｲ魹ｽﾑｯ魹ｽ魹ｽﾈｨ魹ｽ魹ｽ魹ｽﾃｹ魹ｽ魹ｽ魹ｽ魹ｽ魹ｽ魹ｽ魹ｽ魹ｽﾈｷ魹ｽ魹ｽ魹ｽ魹ｽﾒｪ魹ｽ魹ｽﾐｩ魹ｽ魹ｽﾈｨ魹ｽ魹ｽ魹ｽﾔｼ魹ｽ魹ｽ魹ｽﾒｪﾖｴ魹ｽ魹ｽ魹ｽ魹ｽﾐｩ魹ｽ魹ｽ魹ｽ魹ｽ
3魹ｽ魹ｽ魹ｽ魹ｽ魹ｽ魹ｽ魹ｽ魹ｽ魹ｽﾜｾ魹ｽ魹ｽ魹ｽ魹ｽ魹ｽ魹ｽ魹ｽ魹ｽ魹ｽﾗｼ魹ｽ魹ｽ魹ｽ魹ｽ魹ｽﾐ｣魹ｽ魹ｽ"
3,ﾔ､魹ｽ魹ｽ魹ｽ魹ｽ魹ｽ魹ｽ魹ｽ,ﾔ､魹ｽ魹ｽ魹ｽ魹ｽ魹ｽ魹ｽ魹ｽ罍｢ﾔ､魹ｽ魹ｽ魹ｽﾅｶ魹ｽ魹ｽﾕｹﾊｾ,"1魹ｽ魹ｽﾖｧ魹ｽﾖｿﾍｻ魹ｽ魹ｽ魹ｽﾖｸ魹ｽ魹ｽ魹ｽ魹ｽﾆｷ魹ｽ魹ｽ魹ｽ魹ｽ魹ｽ魹ｽ魹ｽ魹ｽ魹ｽ魹ｽﾔ､魹ｽ魹ｽ魹ｽ魹ｽ魹ｽ魹ｽ魹ｽ槵ｬ魹ｽ魹ｽ魹ｽﾍｻ魹ｽ+魹ｽ魹ｽﾆｷﾎｬ魹ｽ魹ｽ魹ｽ魹ｽ魹ｽ魹ｽﾔ､魹ｽ魹ｽ魹ｽﾅｶ魹ｽﾈｲ魹ｽ魹ｽ魹ｽ魹ｽ魹ｽﾔ､魹ｽ魹ｽ魹ｽﾅｽ魹ｽ魹ｽ
2魹ｽ魹ｽﾖｧ魹ｽﾖｰ魹ｽ魹ｽ魹ｽﾆｷ魹ｽ魹ｽ魹ｽ魹ｽ魹ｽﾇｷ魹ｽ魹ｽ魹ｽ魹ｽﾍｻ魹ｽﾔ､魹ｽ魹ｽ魹ｽ魹ｽ魹ｽ魹ｽ魹ｽ魹ｽ魹ｽ魹ｽ魹ｽﾔｼ魹ｽ魹ｽ魹ｽﾓｦ魹ｽ魹ｽﾔ､魹ｽ魹ｽ魹ｽﾅｹ魹ｽ魹ｽ魹ｽ魹ｽ魹ｽ魹ｽ魹ｽ魹ｽﾈｨﾒｪ魹ｽ魹ｽ魹ｽ魹ｽ魹ｽﾇｷ魹ｽ魹ｽ魹ｽﾒｪ魹ｽ魹ｽ魹ｽ魹ｽ/魹ｽ魹ｽ魹ｽ魹ｽ魹ｽ魹ｽ魹ｽ魹ｽﾈｨ魹ｽ魹ｽ
3魹ｽ魹ｽ魹ｽ魹ｽ魹ｽ魹ｽ魹ｽ魹ｽ魹ｽ魹ｽ魹ｽ魹ｽ魹ｽ魹ｽ魹ｽ魹ｽ魹ｽ魹ｽ魹ｽ魹ｽﾒｳ魹ｽ魹ｽ魹ｽﾐｵ魹ｽ魹ｽ魹ｽﾔ､魹ｽ魹ｽ魹ｽﾅｽ魹ｽ魹ｽ魹ｽ魹ｽﾖｧ魹ｽﾖｽ魹ｽﾔ､魹ｽ魹ｽ魹ｽﾅｶ魹ｽ魹ｽ魹ｽ魹ｽﾎｪ魹ｽ魹ｽ魹ｽ魹ｽﾎｿ魹ｽ魹ｽ魹ｽﾄｬ魹ｽ魹ｽﾖｵﾕｹﾊｾ魹ｽ魹ｽ魹ｽﾍｻ魹ｽ"
4,魹ｽ魹ｽ魹ｽ魹ｽ魹ｽ魹ｽ魹ｽ魹ｽ魹ｽ魹ｽ魹ｽ,魹ｽ魹ｽﾊｽ魹ｽ魹ｽ魹ｽ魹ｽ魹ｽ魹ｽ魹ｽ魹ｽ,"1魹ｽ魹ｽ魹ｽﾍｻ魹ｽ魹ｽ魹ｽ魹ｽ魹ｽ魹ｽﾆｷ魹ｽ魹ｽ魹ｽ魹ｽ魹ｽ魹ｽ魹ｽ槵ｬ魹ｽ眇ｻ魹ｽ魹ｽﾌｨ魹ｽ魹ｽ魹ｽ魹ｽ魹ｽ魹ｽ魹ｽ魹ｽ魹ｽ魹ｽ魹ｽ
2魹ｽ魹ｽ魹ｽﾍｻ魹ｽ魹ｽ魹ｽ魹ｽ魹ｽﾍｻ魹ｽ魹ｽ魹ｽ魹ｽ魹ｽ魹ｽ魹ｽ魹ｽ槵ｬ魹ｽ眇ｻ魹ｽ魹ｽﾌｨ魹ｽ魹ｽ魹ｽ魹ｽ魹ｽ魹ｽ魹ｽ魹ｽ魹ｽ魹ｽ魹ｽ
3魹ｽ魹ｽ魹ｽ魹ｽ魹ｽ魹ｽﾍｻ魹ｽﾃｻ魹ｽﾐｽ魹ｽ魹ｽ魹ｽ魹ｽ魹ｽﾈｨﾗｼ魹ｽ魹ｽ魹ｽ魹ｽ魹ｽ魹ｽ魹ｽ魹ｽ魹ｽﾒｪ魹ｽﾈｵ魹ｽ魹ｽ魹ｽ魹ｽ魹ｽﾈｨﾗｼ魹ｽ魹ｽ"
5,魹ｽ魹ｽ魹ｽ魹ｽ魹ｽ魹ｽ魹ｽ魹ｽ魹ｽ魹ｽ魹ｽ,魹ｽ魹ｽ魹ｽ魹ｽ魹ｽ魹ｽ魹ｽ魹ｽ/魹ｽ魹ｽ魹ｽ魹ｽ魹ｽ魹ｽ魹ｽ魹ｽ,"1魹ｽ魹ｽ魹ｽﾍｻ魹ｽﾖｱ魹ｽﾓｷ魹ｽ魹ｽ魹ｽ魹ｽ魹ｽ魹ｽ魹ｽ魹ｽ魹ｽ槵ｬ魹ｽ眇ｻ魹ｽ魹ｽ魹ｽﾐｹ魹ｽ魹ｽ魹ｽ魹ｽ魹ｽ魹ｽ
2魹ｽ魹ｽ魹ｽﾍｻ魹ｽ魹ｽ魹ｽ魹ｽ魹ｽ魹ｽ魹ｽ魹ｽ魹ｽ魹ｽ魹ｽ魹ｽ魹ｽ魹ｽ魹ｽ魹ｽ魹ｽ魹ｽ魹ｽ魹ｽ魹ｽ魹ｽ魹ｽ魹ｽ魹ｽ槵ｬ魹ｽ眇ｻ魹ｽ魹ｽ魹ｽ魹ｽ魹ｽ魹ｽ魹ｽ魹ｽ
3魹ｽ魹ｽ魹ｽ魹ｽ魹ｽ魹ｽﾍｻ魹ｽﾃｻ魹ｽﾐｽ魹ｽ魹ｽ魹ｽ魹ｽ魹ｽﾈｨﾗｼ魹ｽ魹ｽ魹ｽ魹ｽ魹ｽ魹ｽ魹ｽ魹ｽ魹ｽﾒｪ魹ｽﾈｵ魹ｽ魹ｽ魹ｽ魹ｽ魹ｽﾈｨﾗｼ魹ｽ魹ｽ"
6,魹ｽ魹ｽ魹ｽ魹ｽ魹ｽ魹ｽ,魹ｽ魹ｽ魹ｽ魹ｽ魹ｽ魹ｽ魹ｽ魹ｽ魹ｽ魹ｽ魹ｽ,"1魹ｽ魹ｽ魹ｽ魹ｽ魹ｽ魹ｽ魹ｽ魹ｽ魹ｽ魹ｽ魹ｽ魹ｽ魹ｽﾍｴ魹ｽ魹ｽ魹ｽ魹ｽ魹ｽ魹ｽ魹ｽ魹ｽ魹ｽ魹ｽ魹ｽﾄｶ魹ｽﾈｽ魹ｽ魹ｽ魹ｽ魹ｽ魹ｽ魹ｽ魹ｽ筌ｬ魹ｽ魹ｽ魹ｽ魹ｽﾖｴ魹ｽ魹ｽ魹ｽ魹ｽ魹ｽ魹ｽ魹ｽ魹ｽ魹ｽ魹ｽ
2魹ｽ魹ｽ魹ｽ魹ｽ魹ｽ魹ｽ魹ｽ魹ｽ魹ｽ魹ｽ魹ｽ魹ｽ魹ｽﾋ｣魹ｽ魹ｽ魹ｽ魹ｽﾓｵ魹ｽ魹ｽ魹ｽ魹ｽﾋ｡魹ｽ魹ｽ魹ｽ魹ｽﾓｵ魹ｽ魹ｽ魹ｽﾑｺ魹ｽ顥ｬ魹ｽ盪ｩ魹ｽ魹ｽ魹ｽ魹ｽ魹ｽ魹ｽ魹ｽ魹ｽ魹ｽﾖ､魹ｽ魹ｽ魹ｽ魹ｽ魹ｽﾏｻ魹ｽ魹ｽ魹ｽﾋｮ魹ｽ魹ｽ魹ｽﾝ｡魹ｽ
3魹ｽ魹ｽ魹ｽ魹ｽ魹ｽ魹ｽ魹ｽ魹ｽ魹ｽ魹ｽ魹ｽﾐｴ魹ｽ魹ｽﾉｺ魹ｽ魹ｽ眇ｻ魹ｽ魹ｽ魹ｽ魹ｽ魹ｽ魹ｽ魹ｽ魹ｽ魹ｽ魹ｽ魹ｽ魹ｽ魹ｽ"
7,魹ｽﾉｶ魹ｽ魹ｽ魹ｽ魹ｽ魹ｽ魹ｽ魹ｽ魹ｽ魹ｽ,魹ｽ魹ｽﾒｵ魹ｽﾍｻ魹ｽ魹ｽﾉｶ魹ｽ魹ｽ魹ｽ魹ｽ魹ｽ魹ｽﾇｩ魹ｽ魹ｽ魹ｽ魹ｽ豬ｵ,"1魹ｽ魹ｽ魹ｽﾔｹ魹ｽ魹ｽﾍｻ魹ｽ魹ｽ魹ｽ魹ｽ魹ｽ魹ｽ魹ｽ魹ｽ魹ｽﾇｰ魹ｽ魹ｽﾒｪ魹ｽ眇ｻ魹ｽﾉｶ魹ｽ魹ｽ魹ｽ魹ｽ魹ｽ魹ｽ魹ｽ魹ｽﾈｨ
2魹ｽ魹ｽﾍｨ魹ｽ魹ｽ魹ｽ箚ｿ魹ｽ魹ｽ魹ｽﾝｻ魹ｽﾈ｡魹ｽﾉｶ魹ｽ魹ｽ魹ｽ魹ｽﾔｱ魹ｽ魹ｽ魹ｽﾍｻ魹ｽ魹ｽ魹ｽ魹ｽ魹ｽﾎｬ魹ｽ魹ｽ魹ｽﾉｶ魹ｽ魹ｽ魹ｽ魹ｽﾔｱ
3魹ｽ魹ｽﾇｩﾔｼ魹ｽ魹ｽ魹ｽ魹ｽ魹ｽ魹ｽﾉｴ魹ｽﾇｩﾐｭ魹ｽ鬟ｬ魹ｽ魹ｽﾉｶ魹ｽ魹ｽ魹ｽ魹ｽﾔｱ魹ｽ魹ｽ魹ｽ魹ｽ魹ｽ魹ｽﾈｨﾐｭ魹ｽ魹ｽﾇｩ魹ｽ魹ｽ魹ｽ魹ｽ魹ｽ魹ｽ魹ｽ魹ｽﾅ｣魹ｽ魹ｽ魹ｽ魹ｽﾟｷ魹ｽ魹ｽ魹ｽ魹ｽ魹ｽﾎｬ魹ｽ魹ｽ
4魹ｽ魹ｽ魹ｽﾉｶ魹ｽ魹ｽ魹ｽ魹ｽﾔｱﾇｩ魹ｽ魹ｽ魹ｽ魹ｽﾉｺ魹ｽ魹ｽ魹ｽﾈｨ魹ｽﾉｹ魹ｽ"
8,ﾇｩﾔｼ魹ｽ魹ｽ魹ｽ,"魹ｽ魹ｽﾍｬ/ﾐｭ魹ｽ魹ｽﾇｩ魹ｽ魹ｽ魹ｽﾐｱ魹ｽ魹ｽ魹ｽ魹ｽ魹ｽﾍｲ爛ｩ
",魹ｽ魹ｽﾊｾ魹ｽ魹ｽﾇｩﾔｼ魹ｽ魹ｽ魹ｽ魹ｽ魹ｽ魹ｽﾇｩﾔｼ魹ｽ魹ｽ魹ｽ魹ｽﾍｨ魹ｽ魹ｽﾇｩﾔｼ魹ｽ魹ｽ魹ｽ魹ｽ魹ｽ魹ｽ魹ｽ魹ｽ魹ｽ魹ｽﾈｨﾐｭ魹ｽ魹ｽﾇｩ魹ｽ魹ｽ魹ｽ魹ｽ魹ｽ魹ｽ魹ｽ魹ｽ魹ｽﾍｬﾇｩ魹ｽ魹ｽ魹ｽ魹ｽ
9,魹ｽﾅｿ魹ｽ魹ｽ魹ｽ魹ｽ,魹ｽﾍｻ魹ｽ魹ｽ魹ｽﾅｿ魹ｽﾈｷ魹ｽﾏ｡魹ｽ魹ｽ魹ｽ魹ｽﾈｲ魹ｽﾑｯ魹ｽ魹ｽ,"1魹ｽ魹ｽ魹ｽﾍｻ魹ｽﾍｨ魹ｽ魹ｽ魹ｽﾅｿ魹ｽ魹ｽ魹ｽ魹ｽ魹ｽ魹ｽ魹ｽ魹ｽ魹ｽ魹ｽ魹ｽ魹ｽ魹ｽ魹ｽ魹ｽ
2魹ｽ魹ｽ魹ｽ魹ｽ魹ｽ魹ｽ魹ｽ魹ｽ魹ｽ魹ｽ魹ｽ魹ｽﾔｼ魹ｽ魹ｽﾋｻ魹ｽ魹ｽ魹ｽﾒｲ魹ｽ魹ｽ魹ｽ魹ｽ魹ｽ魹ｽ魹ｽ魹ｽ魹ｽ魹ｽ魹ｽ魹ｽ魹ｽﾖｧ魹ｽ魹ｽ魹ｽﾋｻ魹ｽ
3魹ｽ魹ｽﾖｧ魹ｽ魹ｽ魹ｽ魹ｽ魹ｽ魹ｽ魹ｽ魹ｽ魹ｽﾂｰ魹ｽ魹ｽﾅｿ魹ｽ魹ｽ魹ｽﾇｩﾔｼ魹ｽ魹ｽ魹ｽ魹ｽ魹ｽ魹ｽ魹ｽ
4魹ｽ魹ｽﾖｧ魹ｽﾖｴ魹ｽ魹ｽ魹ｽ魹ｽ魹ｽ魹ｽ魹ｽ魹ｽ魹ｽ魹ｽ魹ｽ魹ｽ魹ｽﾉｺ魹ｽﾍｬﾇｩﾔｼ魹ｽ晪ｬｷ魹ｽ魹ｽ魹ｽ魹ｽ魹ｽ魹ｽ"
10,魹ｽ魹ｽ魹ｽ魹ｽ魹ｽ魹ｽ魹ｽ,魹ｽﾍｻ魹ｽ魹ｽ魹ｽ魹ｽ詇｢魹ｽ魹ｽ魹ｽ魹ｽﾆｻ魹ｽ魹ｽ魹ｽﾑｯ魹ｽ魹ｽ魹ｽ魹ｽﾇｰ魹ｽ魹ｽ魹ｽ魹ｽ魹ｽ,"1魹ｽ魹ｽ魹ｽﾍｻ魹ｽﾍｨ魹ｽ魹ｽ魹ｽ魹ｽ魹ｽ魹ｽ魹ｽ魹ｽ魹ｽ岊ｹｿ魹ｽ魹ｽ魹ｽ魹ｽ魹ｽ
2魹ｽ魹ｽﾖｧ魹ｽ魹ｽ魹ｽ魹ｽﾇｰ魹ｽ魹ｽ魹ｽ魹ｽ
3魹ｽ魹ｽﾖｧ魹ｽﾖｲ魹ｽ魹ｽﾖｻ魹ｽ魹ｽ詇｢ﾇｰ魹ｽ魹ｽ魹ｽ魹ｽ魹ｽ魹ｽ
4魹ｽ魹ｽﾖｧ魹ｽﾖｲ鯀ｴ魹ｽ魹ｽ魹ｽ魹ｽﾆｻ魹ｽ"
1,ﾏｵﾍｳ魹ｽ魹ｽ魹ｽ魹ｽ魹ｽ魹ｽ魹ｽ,魹ｽﾃｻ魹ｽ/魹ｽ魹ｽﾉｫ/ﾈｨ魹ｽﾞ｡魹ｽ魹ｽ魹ｽ魹ｽ魹ｽ魹ｽ魹ｽ魹ｽ魹ｽ魹ｽ魹ｽ魹ｽ魹ｽ,魹ｽ魹ｽﾉｫ魹ｽ魹ｽ魹ｽ魹ｽ 魹ｽ魹ｽ魹ｽﾃｻ魹ｽ魹ｽ魹ｽ魹ｽ魹ｽ 魹ｽ魹ｽ魹ｽ魹ｽ魹ｽ魹ｽ魹ｽ魹ｽ魹ｽ魹ｽ魹ｽ魹ｽ魹ｽ魹ｽ魹ｽ魹ｽ魹ｽ魹ｽ魹ｽ魹ｽ魹ｽ魹ｽ魹ｽ魹ｽ魹ｽ魹ｽ魹ｽﾚｼ魹ｽ魹ｽﾕｹ魹ｽ魹ｽ魹ｽ魹ｽ魹ｽ魹ｽ魹ｽﾖｾ魹ｽ魹ｽ魹ｽ魹ｽ魹ｽ魹ｽ魹ｽ魹ｽ魹ｽ魹ｽ魹ｽ魹ｽ魹ｽ魹ｽ魹ｽ魹ｽ魹ｽ魹ｽﾏ｢魹ｽ魹ｽ魹ｽ魹ｽ 魹ｽ魹ｽ魹ｽ魹ｽﾒｳ魹ｽ魹ｽ魹ｽ魹ｽ魹ｽ魹ｽ魹ｽ魹ｽ魹ｽ魹ｽ魹ｽ魹ｽ魹ｽ魹ｽ魹ｽ魹ｽ魹ｽﾈｨ魹ｽﾞ｡魹ｽ魹ｽ魹ｽ魹ｽ魹ｽ魹ｽ魹ｽ魹ｽ魹ｽ魹ｽ魹ｽ魹ｽ
2,魹ｽ魹ｽﾆｷ魹ｽ魹ｽ魹ｽ魹ｽ魹ｽ魹ｽ魹ｽ,魹ｽﾅｴ魹ｽ魹ｽ魹ｽﾆｷ魹ｽ魹ｽ魹ｽ蝪｢魹ｽ魹ｽ魹ｽﾞ｡魹ｽ魹ｽ魹ｽ魹ｽ魹ｽ魹ｽ魹ｽﾊｽ魹ｽ魹ｽ,"1魹ｽ魹ｽ魹ｽ魹ｽﾆｷ魹ｽ魹ｽ魹ｽﾍｶ魹ｽ魹ｽ魹ｽ
2魹ｽ魹ｽﾍｨ魹ｽﾃｲ魹ｽﾆｷ魹ｽ魹ｽ魹ｽ蝪｢魹ｽ魹ｽ魹ｽﾛｲ魹ｽﾆｷ魹ｽ魹ｽ魹ｽ螢ｬﾒｻ魹ｽ魹ｽﾍｨ魹ｽ魹ｽﾆｷﾖｧ魹ｽﾖｶ魹ｽ魹ｽ魹ｽ魹ｽ魹ｽﾛｲ魹ｽﾆｷ
3魹ｽ魹ｽ魹ｽ魹ｽﾆｷ魹ｽ魹ｽ魹ｽ魹ｽ魹ｽ魹ｽ魹ｽ魹ｽ
4魹ｽ魹ｽ魹ｽ魹ｽﾆｷ魹ｽ魹ｽ魹ｽ魹ｽ"
3,ﾓｪ魹ｽ魹ｽ魹ｽ魹ｽ魹ｽ魹ｽ魹ｽ魹ｽ魹ｽ魹ｽ魹ｽ魹ｽ魹ｽ,ﾓｪ魹ｽ魹ｽ魹ｽ賓ｯ魹ｽ魹ｽ魹ｽ魹ｽ魹ｽ魹ｽ魹ｽ魹ｽ魹ｽ魹ｽ魹ｽ魹ｽ魹ｽ魹ｽ魹ｽﾈｵ魹ｽ,"1魹ｽ魹ｽ魹ｽ魹ｽ魹ｽ魹ｽﾓｪ魹ｽ魹ｽ魹ｽ魹ｽﾆｷ
2魹ｽ魹ｽ魹ｽ魹ｽ魹ｽ魹ｽﾓｪ魹ｽ魹ｽ魹ｽ魹ｽﾆｷ魹ｽﾍｿ魹ｽ魹ｽﾛｲ魹ｽﾆｷ魹ｽﾄｹ魹ｽﾏｵ魹ｽ魹ｽﾖｧ魹ｽ魹ｽﾒｻ魹ｽ魹ｽﾓｪ魹ｽ魹ｽ魹ｽ魹ｽﾆｷﾓｳ魹ｽ魹ｽﾒｻ魹ｽ魹ｽ魹ｽ魹ｽ魹ｽﾛｲ魹ｽﾆｷ
3魹ｽ魹ｽ魹ｽ魹ｽ魹ｽ魹ｽﾓｪ魹ｽ魹ｽ魹ｽ魹ｽﾆｷ魹ｽﾄｻ魹ｽ魹ｽ魹ｽ魹ｽ魹ｽﾏ｢魹ｽ魹ｽ魹ｽ魹ｽ魹ｽ魹ｽ魹ｽ魹ｽ魹ｽﾄｶﾔｿ魹ｽﾕｹﾊｾ
4魹ｽ魹ｽ魹ｽ魹ｽ魹ｽ魹ｽﾓｪ魹ｽ魹ｽ魹ｽ魹ｽﾆｷ魹ｽ魹ｽ魹ｽ魹ｽ魹ｽ魹ｽ魹ｽ魹ｽﾊｱﾒｪ魹ｽ魹ｽﾐｴ魹ｽ魹ｽﾒｪ魹ｽ魹ｽ魹ｽﾖｶ魹ｽ
5魹ｽ魹ｽ魹ｽ魹ｽ魹ｽ魹ｽﾓｪ魹ｽ魹ｽ魹ｽ魹ｽﾆｷ魹ｽ魹ｽ魹ｽ魹ｽ魹ｽ魹ｽ魹ｽ魹ｽﾊｱﾒｪ魹ｽ魹ｽﾐｴ魹ｽ魹ｽﾒｪ魹ｽ魹ｽ魹ｽﾖｶ魹ｽ
6魹ｽ魹ｽ魹ｽ魹ｽ魹ｽ魹ｽﾓｪ魹ｽ魹ｽ魹ｽ魹ｽﾆｷ魹ｽ魹ｽ魹ｽ魹ｽ魹ｽ魹ｽ魹ｽ魹ｽﾒｪ魹ｽ鯀ｴ魹ｽ魹ｽﾒｪ魹ｽ魹ｽ"
4,魹ｽ魹ｽﾈｨ魹ｽ魹ｽ魹ｽﾃｹ魹ｽ魹ｽ魹ｽ魹ｽ魹ｽ魹ｽ,魹ｽ魹ｽﾈｨ魹ｽ魹ｽﾄ｣魹ｽ蝪｢魹ｽ魹ｽﾈｨ魹ｽ詇｢魹ｽ魹ｽﾐｧ魹ｽﾚｵ魹ｽ魹ｽ魹ｽ魹ｽ魹ｽ,"1魹ｽ魹ｽ魹ｽ魹ｽ魹ｽ蟯ｻﾍｬ魹ｽﾄｴ魹ｽ魹ｽ魹ｽ魹ｽﾆｷ魹ｽﾚｲ魹ｽ魹ｽﾃｵ魹ｽﾒｵ魹ｽ魹ｽﾗｶ魹ｽ魹ｽ魹ｽﾒｪ魹ｽ魹ｽﾈｨ魹ｽ魹ｽ魹ｽﾄｼ魹ｽ魹ｽ魹ｽ魹ｽﾑｾ魹ｽ魹ｽ魹ｽﾒｪﾖｴ魹ｽﾐｵﾄｷ魹ｽﾘｹ魹ｽ魹ｽ魹ｽ魹ｽ
2魹ｽ魹ｽ魹ｽ盪ｩ魹ｽ魹ｽ魹ｽ魹ｽ魹ｽ魹ｽ魹ｽ魹ｽ魹ｽ魹ｽ魹ｽ魹ｽﾌｸ魹ｽﾒｵ魹ｽ𠽟ｷｽﾚｲ魹ｽﾑｯ魹ｽ魹ｽ魹ｽﾃ｣魹ｽ魹ｽ魹ｽ魹ｽ魹ｽ魹ｽ魹ｽﾒｪ魹ｽ魹ｽﾈｨ魹ｽ魹ｽ魹ｽﾄｼ魹ｽ魹ｽﾔｼ魹ｽ魹ｽ魹ｽﾒｪ魹ｽ魹ｽ魹ｽ魹ｽ魹ｽ魹ｽ魹ｽ魹ｽﾖｴ魹ｽﾐｵﾄｷ魹ｽﾘｹ魹ｽ魹ｽ魹ｽ魹ｽ"
5,魹ｽ魹ｽ魹ｽ魹ｽ魹ｽ魹ｽ魹ｽ魹ｽ魹ｽ魹ｽ魹ｽ,魹ｽ魹ｽ魹ｽ魹ｽ魹ｽﾇｼﾇ｡魹ｽ魹ｽ魹ｽ魹ｽ魹ｽ魹ｽ魹ｽ魹ｽ魹ｽﾗｪ魹ｽ魹ｽ魹ｽ魹ｽﾑｯ,"1魹ｽ魹ｽ魹ｽ魹ｽ魹ｽ魹ｽ魹ｽ魹ｽ魹ｽ魹ｽ
2魹ｽ魹ｽ魹ｽ魹ｽ魹ｽ魹ｽ魹ｽﾔｶ魹ｽ魹ｽ魹ｽ魹ｽ魹ｽ
3魹ｽ魹ｽ魹ｽ魹ｽ魹ｽ魹ｽ魹ｽ魹ｽﾈｨﾗｼ魹ｽ魹ｽ魹ｽ魹ｽ魹ｽ魹ｽ魹ｽ魹ｽ魹ｽﾗｼ魹ｽ魹ｽ魹ｽ魹ｽ魹ｽ
4魹ｽ魹ｽ魹ｽ魹ｽ魹ｽ魹ｽ魹ｽ魹ｽ魹ｽ魹ｽ魹ｽ魹ｽ魹ｽ罍｢魹ｽ魹ｽﾈｲ魹ｽ魹ｽ魹ｽ
5魹ｽ魹ｽ魹ｽ魹ｽ魹ｽ魹ｽ魹ｽ魹ｽ魹ｽ魹ｽ魹ｽﾏ｢"
6,魹ｽﾍｻ魹ｽ魹ｽ魹ｽ魹ｽ魹ｽ魹ｽ魹ｽ魹ｽ,魹ｽﾍｻ魹ｽ魹ｽ魹ｽﾏ｢魹ｽ魹ｽ魹ｽ魹ｽ魹ｽ魹ｽ魹ｽ魹ｽ魹ｽ魹ｽ魹ｽ魹ｽﾇｩ魹ｽ魹ｽ,"1魹ｽ魹ｽﾎｬ魹ｽ魹ｽ魹ｽﾍｻ魹ｽ魹ｽ魹ｽ魹ｽ魹ｽ魹ｽﾝ｣魹ｽ魹ｽ魹ｽ魹ｽ魹ｽ魹ｽﾔｹ魹ｽ魹ｽ魹ｽ魹ｽﾋｽ魹ｽ魹ｽ魹ｽ魹ｽ魹ｽﾍｻ魹ｽﾗｴﾌｬ魹ｽ魹ｽ魹ｽ魹ｽﾊｱ/魹ｽ魹ｽﾊｽ/魹ｽ魹ｽ魹ｽ魹ｽ魹ｽ魹ｽ魹ｽﾈ｣魹ｽ魹ｽﾔｼ魹ｽ魹ｽﾍｻ魹ｽ魹ｽ魹ｽﾇｩ魹ｽﾍｹ魹ｽ魹ｽ魹ｽ魹ｽ魹ｽﾏｵ魹ｽ魹ｽ魹ｽ魹ｽ魹ｽﾅ｡魹ｽ魹ｽﾉｶ魹ｽ魹ｽ魹ｽ魹ｽ魹ｽ魹ｽ魹ｽ魹ｽﾎｵﾈ｣魹ｽ
2魹ｽ魹ｽﾖｧ魹ｽﾖｶ魹ｽ魹ｽ魹ｽ魹ｽ魹ｽ魹ｽ魹ｽ魹ｽ魹ｽﾔｴ魹ｽ魹ｽ魹ｽ魹ｽ魹ｽﾍｸ魹ｽ魹ｽﾂｿﾍｻ魹ｽ魹ｽ魹ｽ魹ｽ魹ｽ魹ｽ魹ｽﾗ｢魹ｽ癸｢魹ｽ魹ｽ魹ｽ魹ｽﾋｿﾍｻ魹ｽ魹ｽ魹ｽ魹ｽ魹ｽ魹ｽ魹ｽ魹ｽ魹ｽ魹ｽ魹ｽ魹ｽ箚ｿﾆｽﾌｨ魹ｽ魹ｽ魹ｽ魹ｽ/魹ｽ魹ｽ魹ｽﾍ｣魹ｽ魹ｽ魹ｽ魹ｽ魹ｽ魹ｽ魹ｽﾆｽﾌｨ魹ｽ魹ｽ魹ｽ魹ｽ魹ｽ魹ｽ魹ｽ魹ｽﾆｽﾌｨ魹ｽﾈ｣魹ｽ
3魹ｽ魹ｽ魹ｽ盪ｩ魹ｽ魹ｽ魹ｽ箚ｿ魹ｽ魹ｽﾔｴ魹ｽ魹ｽﾊｶ魹ｽ魹ｽexternal_source魹ｽ魹ｽ+ 魹ｽ箚ｿ魹ｽﾍｻ魹ｽID魹ｽ魹ｽﾖ､魹ｽ魹ｽ魹ｽﾅ｡魹ｽ魹ｽﾖｻ魹ｽ魹ｽﾅｵﾈｶ魹ｽ魹ｽ魹ｽ魹ｽ魹ｽ魹ｽ魹ｽ魹ｽﾈ･魹ｽﾘｲ魹ｽ魹ｽﾔ｣魹ｽ魹ｽ魹ｽ魹ｽ魹ｽ魹ｽﾘｸ魹ｽ魹ｽ魹ｽ魹ｽ魹ｽ
4魹ｽ魹ｽﾖｧ魹ｽ魹ｽ魹ｽ魹ｽﾗ｢魹ｽ魹ｽ魹ｽ魹ｽ魹ｽ魹ｽ魹ｽﾗｶﾎｴ魹ｽ魹ｽ魹ｽ魹ｽ魹ｽﾊｱ魹ｽﾍｻ魹ｽ魹ｽ魹ｽ魹ｽ魹ｽ魹ｽ魹ｽﾇｩﾔｼ魹ｽ魹ｽ魹ｽ魹ｽ魹ｽ魹ｽﾍｨ魹ｽ魹ｽ魹ｽ魹ｽﾗｨ魹ｽﾅｽ魹ｽ魹ｽ魹ｽ魹ｽ魹ｽ魹ｽﾚｽ魹ｽ魹ｽ魹ｽﾊｱ魹ｽﾍｻ魹ｽ魹ｽ魹ｽ魹ｽ魹ｽﾎｪ魹ｽ魹ｽﾊｽ魹ｽﾍｻ魹ｽ
5魹ｽ魹ｽﾎｬ魹ｽ魹ｽ魹ｽﾍｻ魹ｽ魹ｽ魹ｽ魹ｽ魹ｽ魹ｽ魹ｽﾗｴﾌｬ魹ｽﾍｱ魹ｽﾇｩ魹ｽ魹ｽ魹ｽ魹ｽ魹ｽ魹ｽﾘ｡魹ｽﾓｪ魹ｽ魹ｽ魹ｽ魹ｽﾔ､魹ｽ魹ｽ魹ｽﾅ｡魹ｽ魹ｽ魹ｽ魹ｽ魹ｽ魹ｽ魹ｽ魹ｽ魹ｽ魹ｽ魹ｽ魹ｽﾑｯ魹ｽ魹ｽﾊｹ魹ｽ魹ｽ"
7,魹ｽ魹ｽ魹ｽ魹ｽ魹ｽ魹ｽ魹ｽ魹ｽ魹ｽ魹ｽ魹ｽ,魹ｽﾍｻ魹ｽ魹ｽ魹ｽ魹ｽ魹ｽ魹ｽ魹ｽ魹ｽ魹ｽ魹ｽ魹ｽﾄ｣魹ｽ魹ｽ魹ｽ魹ｽ魹ｽ魹ｽ魹ｽ魹ｽ魹ｽ魹ｽ,魹ｽﾍｻ魹ｽ魹ｽ魹ｽ魹ｽ魹ｽ魹ｽ魹ｽ魹ｽ魹ｽ魹ｽ魹ｽﾄ｣魹ｽ魹ｽ魹ｽ魹ｽ魹ｽ魹ｽ魹ｽ魹ｽ魹ｽ魹ｽ
8,魹ｽ魹ｽ魹ｽﾅｹ魹ｽ魹ｽ魹ｽ魹ｽ魹ｽ魹ｽ,魹ｽ魹ｽ魹ｽ魹ｽ魹ｽ魹ｽ魹ｽ魹ｽ魹ｽ魹ｽ魹ｽ魹ｽ魹ｽﾅｽ魹ｽ魹ｽﾛ｡魹ｽ魹ｽ魹ｽﾐｧ魹ｽﾚｹ魹ｽ魹ｽ魹ｽ,魹ｽ魹ｽ魹ｽ魹ｽ魹ｽ魹ｽ魹ｽ魹ｽ魹ｽ魹ｽ魹ｽ魹ｽ魹ｽﾅｽ魹ｽ魹ｽﾛ｡魹ｽ魹ｽ魹ｽﾐｧ魹ｽﾚｹ魹ｽ魹ｽ魹ｽ
9,魹ｽ魹ｽﾈｹ魹ｽ魹ｽ魹ｽ魹ｽ魹ｽ魹ｽ,魹ｽ魹ｽ魹ｽﾕｼ魹ｽﾃ｡魹ｽ魹ｽﾍｷﾅ｡魹ｽ魹ｽ魹ｽ魹ｽ癸｢魹ｽ魹ｽ魹ｽ魹ｽ,魹ｽ魹ｽ魹ｽﾕｼ魹ｽﾃ｡魹ｽ魹ｽﾍｷﾅ｡魹ｽ魹ｽ魹ｽ魹ｽ癸｢魹ｽ魹ｽ魹ｽ魹ｽ
10,魹ｽ魹ｽ魹ｽﾅｹ魹ｽ魹ｽ魹ｽ魹ｽ魹ｽ魹ｽ,魹ｽ魹ｽ魹ｽ魹ｽ魹ｽ魹ｽ魹ｽ魹ｽ魹ｽ魹ｽ魹ｽ魹ｽ魹ｽ魹ｽ魹ｽ魹ｽ魹ｽ魹ｽ魹ｽ魹ｽ魹ｽﾅｿ魹ｽ魹ｽ魹ｽ,魹ｽ魹ｽ魹ｽ魹ｽ魹ｽ魹ｽ魹ｽ魹ｽ魹ｽ魹ｽ魹ｽ魹ｽ魹ｽ魹ｽ魹ｽ魹ｽ魹ｽ魹ｽ魹ｽ魹ｽ魹ｽﾅｿ魹ｽ魹ｽ魹ｽ
11,魹ｽ魹ｽﾍｬ魹ｽ魹ｽ魹ｽ魹ｽ魹ｽ魹ｽ魹ｽ,魹ｽ魹ｽﾍｬ魹ｽ魹ｽ魹ｽﾉ｡魹ｽ魹ｽ魴ｵ魹ｽ魹ｽ魹ｽ魹ｽ魹ｽ魹ｽ魹ｽ魹ｽ魹ｽﾑｯ,魹ｽ魹ｽﾍｬ魹ｽ魹ｽ魹ｽﾉ｡魹ｽ魹ｽ魴ｵ魹ｽ魹ｽ魹ｽ魹ｽ魹ｽ魹ｽ魹ｽ魹ｽ魹ｽﾑｯ
12,魹ｽ魹ｽﾍｬ魹ｽ魹ｽﾐｭ魹ｽ鬟ｩﾄ｣魹ｽ魹ｽ魹ｽ魹ｽ魹ｽ魹ｽ魹ｽ魹ｽ,魹ｽ魹ｽﾍｬ/ﾐｭ魹ｽ魹ｽﾄ｣魹ｽ魹ｽﾎｬ魹ｽ魹ｽ,魹ｽ魹ｽﾍｬ/ﾐｭ魹ｽ魹ｽﾄ｣魹ｽ魹ｽﾎｬ魹ｽ魹ｽ
13,ﾑｺﾆｷ魹ｽ魹ｽ魹ｽ,ﾑｺﾆｷ魹ｽﾇｼﾇ｡魹ｽ魹ｽ魹ｽﾖｵ魹ｽ魹ｽ魹ｽ魹ｽ魹ｽ魹ｽﾑｺ魹ｽ魹ｽ魹ｽ魹ｽ,ﾑｺﾆｷ魹ｽﾇｼﾇ｡魹ｽ魹ｽ魹ｽﾖｵ魹ｽ魹ｽ魹ｽ魹ｽ魹ｽ魹ｽﾑｺ魹ｽ魹ｽ魹ｽ魹ｽ
14,魹ｽﾅｿ魹ｽ魹ｽ魹ｽ魹ｽ,魹ｽﾅｿ魹ｽ魹ｽ魹ｽﾋ｡魹ｽﾖｴ魹ｽﾐ｡魹ｽﾊｧ魹ｽﾜｴ魹ｽ魹ｽ魹ｽ,魹ｽﾅｿ魹ｽ魹ｽ魹ｽﾋ｡魹ｽﾖｴ魹ｽﾐ｡魹ｽﾊｧ魹ｽﾜｴ魹ｽ魹ｽ魹ｽ
15,魹ｽ魹ｽ魹ｽ魹ｽ魹ｽ魹ｽ魹ｽ,魹ｽ魹ｽ魹ｽ魹ｽ魹ｽ魹ｽ魹ｽﾋ｡魹ｽ魹ｽ魹ｽ魹ｽﾋ｡魹ｽ魹ｽ魹ｽ魹ｽ筍｢魹ｽ魹ｽ魹ｽ魹ｽ魹ｽ魹ｽ,魹ｽ魹ｽ魹ｽ魹ｽ魹ｽ魹ｽ魹ｽﾋ｡魹ｽ魹ｽ魹ｽ魹ｽﾋ｡魹ｽ魹ｽ魹ｽ魹ｽ筍｢魹ｽ魹ｽ魹ｽ魹ｽ魹ｽ魹ｽ
16,魹ｽ魹ｽ魹ｽ魹ｽ魹ｽ魹ｽ,魹ｽ魹ｽ魹ｽ魹ｽﾕｩ魹ｽ魹ｽ魹ｽ魹ｽ魹ｽ魹ｽ魹ｽ魹ｽ魹ｽ譯｢魹ｽ魹ｽ魹ｽ魹ｽ魹ｽ魹ｽ魹ｽ魹ｽﾔ､魹ｽ魹ｽ,魹ｽ魹ｽ魹ｽ魹ｽﾕｩ魹ｽ魹ｽ魹ｽ魹ｽ魹ｽ魹ｽ魹ｽ魹ｽ魹ｽ譯｢魹ｽ魹ｽ魹ｽ魹ｽ魹ｽ魹ｽ魹ｽ魹ｽﾔ､魹ｽ魹ｽ
17,魹ｽ魹ｽ魹ｽ魹ｽ魹ｽ魹ｽ魹ｽ,魹ｽ魹ｽ魹ｽﾊｶ魹ｽ魹ｽﾛ｡魹ｽ魹ｽ魹ｽ魹ｽ魹ｽ魹ｽ魹ｽﾊｽ魹ｽ魹ｽ魹ｽﾅｻﾝｹ魹ｽ魹ｽ魹ｽ,魹ｽ魹ｽ魹ｽﾊｶ魹ｽ魹ｽﾛ｡魹ｽ魹ｽ魹ｽ魹ｽ魹ｽ魹ｽ魹ｽﾊｽ魹ｽ魹ｽ魹ｽﾅｻﾝｹ魹ｽ魹ｽ魹ｽ
18,魹ｽ魹ｽ魹ｽ魹ｽ魹ｽ魹ｽ魹ｽ魹ｽ魹ｽ,魹ｽ魹ｽ魹ｽ魹ｽ魹ｽ魹ｽ魹ｽ魹ｽ魹ｽ魹ｽ魹ｽ魹ｽ魹ｽ魹ｽﾏ｢魹ｽ魹ｽ魹ｽ魹ｽ魹ｽﾚ｡魹ｽ魹ｽ魹ｽ魹ｽ魹ｽ魹ｽ魹ｽ,魹ｽ魹ｽ魹ｽ魹ｽ魹ｽ魹ｽ魹ｽ魹ｽ魹ｽ魹ｽ魹ｽ魹ｽ魹ｽ魹ｽﾏ｢魹ｽ魹ｽ魹ｽ魹ｽ魹ｽﾚ｡魹ｽ魹ｽ魹ｽ魹ｽ魹ｽ魹ｽ魹ｽ
19,ﾔ､魹ｽ魹ｽ魹ｽ魹ｽ魹ｽ魹ｽ魹ｽ,ﾔ､魹ｽ魹ｽ魹ｽ魹ｽ魹ｽ魹ｽ魹ｽ罍｢ﾔ､魹ｽ魹ｽ魹ｽﾅｶ魹ｽ魹ｽﾕｹﾊｾ,"1魹ｽ魹ｽ魹ｽ魹ｽ魹ｽ魹ｽ魹ｽ魹ｽ魹ｽ魹ｽ魹ｽ𠹭ｴｹ魹ｽ魹ｽ魹ｽﾓｹ魹ｽ魹ｽ魹ｽ魹ｽﾉｲ魹ｽﾆｷﾔ､魹ｽ魹ｽ魹ｽ魹ｽ魹ｽ魹ｽ魹ｽ魹ｽ魹ｽ魹ｽ魹ｽ魹ｽﾆｷﾔ､魹ｽ魹ｽ魹ｽﾅ｣魹ｽ魹ｽ魹ｽ魹ｽ魹ｽ魹ｽ魹ｽ魹ｽ魹ｽ魹ｽ魹ｽ魹ｽ
2魹ｽ魹ｽ魹ｽﾍｻ魹ｽ魹ｽ魹ｽ魹ｽ魹ｽ魹ｽﾚｰ魹ｽ魹ｽ魹ｽﾋｴ魹ｽ魹ｽﾍｷ魹ｽ魹ｽ魹ｽﾔ､魹ｽ魹ｽ魹ｽ魹ｽ魹ｽ魹ｽ魹ｽ槵ｬ魹ｽ魹ｽ魹ｽﾉｲ魹ｽﾆｷﾔ､魹ｽ魹ｽ魹ｽ魹ｽ魹ｽ魹ｽ魹ｽ魹ｽ魹ｽ魹ｽﾍｻ魹ｽﾔ､魹ｽ魹ｽ魹ｽﾅｼ魹ｽﾂｼ
3魹ｽ魹ｽﾖｧ魹ｽ魹ｽ魹ｽ箚ｿ/魹ｽ魹ｽ魹ｽﾉｵ魹ｽﾆｽﾌｨ魹ｽ魹ｽ魹ｽﾍｲ魹ｽﾆｷﾔ､魹ｽ魹ｽ魹ｽﾅｰ魹ｽ魹ｽ魹ｽ魹ｽ魹ｽ魹ｽ魹ｽ魹ｽ魹ｽ魹ｽ箚ｿ魹ｽ魹ｽ魹ｽﾝｹ魹ｽ魹ｽ魹ｽ魹ｽ魹ｽ魹ｽ魹ｽ魹ｽ魹ｽ魹ｽ魹ｽﾍｳﾒｻ魹ｽ魹ｽ筌ｬ魹ｽ魹ｽ魹ｽ魹ｽ魹ｽ魹ｽ魹ｽﾝｵﾈｴ魹ｽ魹ｽ魹ｽ
4魹ｽ魹ｽ魹ｽﾚｲ魹ｽﾍｳﾒｻ魹ｽ魹ｽ魹ｽ魹ｽﾔ､魹ｽ魹ｽ魹ｽﾅｼ魹ｽﾂｼ魹ｽ魹ｽﾍｨ魹ｽ魹ｽﾔ､魹ｽ魹ｽ魹ｽ魹ｽ魹ｽ魹ｽ魹ｽﾍ｣魹ｽ魹ｽ魹ｽﾆｷ/魹ｽﾍｻ魹ｽ魹ｽ魹ｽ魹ｽ魹ｽ魹ｽﾍｻ魹ｽ魹ｽ魹ｽﾅ｡魹ｽ魹ｽ魹ｽﾆｷ魹ｽ魹ｽﾅｵ魹ｽﾎｬ魹ｽﾈｼ魹ｽ魹ｽ魹ｽ魹ｽ魹ｽ魹ｽﾖ｣魹ｽ魹ｽ魹ｽ魹ｽ魹ｽ魹ｽ魹ｽ魹ｽ盪ｩﾔ､魹ｽ魹ｽ魹ｽﾅｲ魹ｽﾑｯ魹ｽ魹ｽ魹ｽ魹ｽ魹ｽ魹ｽ魹ｽ魹ｽ魹ｽ魹ｽ魹ｽ魹ｽ魹ｽ魹ｽ魹ｽ魹ｽ魹ｽ魹ｽ魹ｽ魹ｽ魹ｽ魹ｽ魹ｽﾅｵ魹ｽ魹ｽ魹ｽ魹ｽﾊｹ魹ｽ魹ｽ"
